bucket_id,layer,parent_bucket_id,n_train,n_val,pos_rate_train,pos_rate_val,alpha,beta,regret_val,F1_val,Precision_val,Recall_val,BND_ratio_val,pos_coverage_val,use_parent_threshold,threshold_n_samples,n_all,pos_rate_all,BAC_val,AUC_val,score_metric,score_value,parent_score_value,gain_value,is_weak,threshold_source_bucket,parent_with_threshold,n_test,pos_rate_test,BND_ratio_test,POS_Coverage_test,regret_test,fold,pos_rate
ROOT,L1,,11397,4884,0.11099412125998069,0.11117936117936118,0.4,0.2,0.3938370188370188,0.08067226890756303,0.46153846153846156,0.04419889502762431,0.09377559377559377,0.010647010647010647,False,4884,81412,0.11159288556969489,0.4795977198013035,0.6755943479513297,f1_regret_bnd,-0.3600525468172527,-0.40640353750409436,0.046350990686841675,False,ROOT,,,,,,,1,0.11159288556969489
L1_number_inpatient=no_prev_inpt,L1,ROOT,9770,4318,0.09232343909928352,0.09333024548402039,0.4,0.2,0.3609309865678555,0.03836930455635492,0.5714285714285714,0.019851116625310174,0.039138490041685965,0.003242241778601204,False,4318,69797,0.0941301202057395,0.4916624676357713,0.6059287147162564,f1_regret_bnd,-0.3421309270323436,-0.3600525468172527,0.017921619784909082,False,L1_number_inpatient=no_prev_inpt,,,,,,,1,0.0941301202057395
L1_number_inpatient=no_prev_inpt|L2_number_emergency=no_prev_er,L2,L1_number_inpatient=no_prev_inpt,9560,4204,0.09110878661087866,0.09633682207421504,0.4,0.2,0.36976688867745006,0.028846153846153848,0.5454545454545454,0.014814814814814815,0.032825880114176975,0.002616555661274976,True,4204,68280,0.09302870533099004,0.4929299133300186,0.6264683038746389,f1_regret_bnd,-0.3573336748883847,-0.3421309270323436,-0.015202747856041088,True,L1_number_inpatient=no_prev_inpt,L1_number_inpatient=no_prev_inpt,,,,,,1,0.09302870533099004
L1_number_inpatient=no_prev_inpt|L2_number_emergency=no_prev_er|L3_discharge_disposition_id=Home,L3,L1_number_inpatient=no_prev_inpt|L2_number_emergency=no_prev_er,29008,12336,0.07339354660783232,0.07798313878080415,0.5,0.4,0.3119325551232166,0.0,0.0,0.0,0.0,0.0,False,12336,41344,0.07476296439628483,0.5,0.5955878052106292,f1_regret_bnd,-0.3119325551232166,-0.3573336748883847,0.045401119765168085,False,L1_number_inpatient=no_prev_inpt|L2_number_emergency=no_prev_er|L3_discharge_disposition_id=Home,,,,,,,1,0.07476296439628483
L1_number_inpatient=no_prev_inpt|L2_number_emergency=no_prev_er|L3_discharge_disposition_id=Transfer,L3,L1_number_inpatient=no_prev_inpt|L2_number_emergency=no_prev_er,13892,6040,0.12093291102792975,0.12450331125827814,0.4,0.2,0.48071192052980133,0.013089005235602094,0.4166666666666667,0.006648936170212766,0.04966887417218543,0.001986754966887417,True,6040,19932,0.12201485049167168,0.4808206859368462,0.591800835693823,f1_regret_bnd,-0.492457352380292,-0.3573336748883847,-0.1351236774919073,True,L1_number_inpatient=no_prev_inpt,L1_number_inpatient=no_prev_inpt,,,,,,1,0.12201485049167168
L1_number_inpatient=few_prev_inpt,L1,ROOT,1219,704,0.20344544708777687,0.1846590909090909,0.4,0.2,0.5710227272727273,0.07142857142857144,0.5,0.038461538461538464,0.9403409090909091,0.014204545454545454,True,704,8719,0.18625989218947128,0.04623425355132672,0.559957116054677,f1_regret_bnd,-0.9697646103896104,-0.3600525468172527,-0.6097120635723576,True,ROOT,,,,,,,1,0.18625989218947128
L1_number_inpatient=few_prev_inpt|L2_number_emergency=no_prev_er,L2,L1_number_inpatient=few_prev_inpt,1116,527,0.2025089605734767,0.16698292220113853,0.3,0.1,0.532258064516129,0.16216216216216217,0.391304347826087,0.10227272727272728,0.8481973434535104,0.04364326375711575,False,527,7979,0.185862890086477,0.11491768482087389,0.6048612549182025,f1_regret_bnd,-0.794194574080722,-0.9697646103896104,0.17557003630888834,False,L1_number_inpatient=few_prev_inpt|L2_number_emergency=no_prev_er,,,,,,,1,0.185862890086477
L1_number_inpatient=no_prev_inpt|L2_number_emergency=no_prev_er|L3_discharge_disposition_id=OtherDisp,L3,L1_number_inpatient=no_prev_inpt|L2_number_emergency=no_prev_er,3898,1639,0.14545920985120575,0.1305674191580232,0.4,0.2,0.4057352043929225,0.19305019305019305,0.5555555555555556,0.11682242990654206,0.2190359975594875,0.027455765710799267,False,1639,5537,0.14105111070977064,0.45455156583046397,0.7091834727004427,f1_regret_bnd,-0.3222030101224732,-0.3573336748883847,0.03513066476591148,False,L1_number_inpatient=no_prev_inpt|L2_number_emergency=no_prev_er|L3_discharge_disposition_id=OtherDisp,,,,,,,1,0.14105111070977064
L1_number_inpatient=few_prev_inpt|L2_number_emergency=no_prev_er|L3_discharge_disposition_id=Home,L3,L1_number_inpatient=few_prev_inpt|L2_number_emergency=no_prev_er,2762,1207,0.17668356263577117,0.16735708367854185,0.3,0.1,0.5700082850041425,0.0,0.0,0.0,0.9610604805302403,0.0,True,1207,3969,0.17384731670445955,0.022388059701492536,0.515038668045909,f1_regret_bnd,-1.0505385252692627,-0.794194574080722,-0.2563439511885407,True,L1_number_inpatient=few_prev_inpt|L2_number_emergency=no_prev_er,L1_number_inpatient=few_prev_inpt|L2_number_emergency=no_prev_er,,,,,,1,0.17384731670445955
L1_number_inpatient=few_prev_inpt|L2_number_emergency=no_prev_er|L3_discharge_disposition_id=Transfer,L3,L1_number_inpatient=few_prev_inpt|L2_number_emergency=no_prev_er,2117,899,0.2035899858290033,0.19132369299221358,0.3,0.1,0.5934371523915462,0.03389830508474576,0.6,0.01744186046511628,0.9944382647385984,0.0055617352614015575,True,899,3016,0.19993368700265252,0.00872093023255814,0.5451601036435174,f1_regret_bnd,-1.0567579796760995,-0.794194574080722,-0.2625634055953775,True,L1_number_inpatient=few_prev_inpt|L2_number_emergency=no_prev_er,L1_number_inpatient=few_prev_inpt|L2_number_emergency=no_prev_er,,,,,,1,0.19993368700265252
L1_number_inpatient=many_prev_inpt,L1,ROOT,545,331,0.3394495412844037,0.3323262839879154,0.4,0.2,0.5876132930513596,0.4727272727272727,0.4727272727272727,0.4727272727272727,0.649546827794562,0.3323262839879154,True,331,2896,0.3076657458563536,0.24993829699712053,0.6478403948992184,f1_regret_bnd,-0.43965943422136783,-0.3600525468172527,-0.07960688740411515,True,ROOT,,,,,,,1,0.3076657458563536
L1_number_inpatient=many_prev_inpt|L2_number_emergency=no_prev_er,L2,L1_number_inpatient=many_prev_inpt,459,186,0.27233115468409586,0.23655913978494625,0.4,0.2,0.5483870967741935,0.3835616438356164,0.4827586206896552,0.3181818181818182,0.6612903225806451,0.15591397849462366,True,186,2226,0.2825696316262354,0.26824583866837387,0.6952624839948783,f1_regret_bnd,-0.49547061422889965,-0.43965943422136783,-0.055811180007531824,True,ROOT,,,,,,,1,0.2825696316262354
L1_number_inpatient=many_prev_inpt|L2_number_emergency=no_prev_er|L3_discharge_disposition_id=Home,L3,L1_number_inpatient=many_prev_inpt|L2_number_emergency=no_prev_er,761,354,0.30749014454664914,0.2740112994350282,0.4,0.2,0.614406779661017,0.2753623188405797,0.4634146341463415,0.1958762886597938,0.884180790960452,0.11581920903954802,True,354,1115,0.2968609865470852,0.0979381443298969,0.6027919290785831,f1_regret_bnd,-0.7811348563006633,-0.49547061422889965,-0.2856642420717636,True,ROOT,,,,,,,1,0.2968609865470852
L1_number_inpatient=no_prev_inpt|L2_number_emergency=no_prev_er|L3_discharge_disposition_id=Expired,L3,L1_number_inpatient=no_prev_inpt|L2_number_emergency=no_prev_er,708,315,0.0,0.0,0.4,0.2,,,,,,,True,0,1023,0.0,,,f1_regret_bnd,,-0.3573336748883847,,True,L1_number_inpatient=no_prev_inpt,L1_number_inpatient=no_prev_inpt,,,,,,1,0.0
L1_number_inpatient=no_prev_inpt|L2_number_emergency=one_prev_er,L2,L1_number_inpatient=no_prev_inpt,181,309,0.12154696132596685,0.12297734627831715,0.4,0.2,0.48058252427184467,0.0,0.0,0.0,0.6116504854368932,0.0,True,309,1004,0.13047808764940239,0.2029520295202952,0.5862303359875705,f1_regret_bnd,-0.7864077669902912,-0.3421309270323436,-0.44427683995794764,True,L1_number_inpatient=no_prev_inpt,L1_number_inpatient=no_prev_inpt,,,,,,1,0.13047808764940239
L1_number_inpatient=many_prev_inpt|L2_number_emergency=no_prev_er|L3_discharge_disposition_id=Transfer,L3,L1_number_inpatient=many_prev_inpt|L2_number_emergency=no_prev_er,612,247,0.2777777777777778,0.2834008097165992,0.4,0.2,0.597165991902834,0.39999999999999997,0.48,0.34285714285714286,0.7975708502024291,0.20242914979757085,True,247,859,0.27939464493597205,0.17142857142857143,0.5985472154963681,f1_regret_bnd,-0.5959514170040486,-0.49547061422889965,-0.10048080277514898,True,ROOT,,,,,,,1,0.27939464493597205
L1_number_inpatient=few_prev_inpt|L2_number_emergency=no_prev_er|L3_discharge_disposition_id=OtherDisp,L3,L1_number_inpatient=few_prev_inpt|L2_number_emergency=no_prev_er,507,221,0.25443786982248523,0.2081447963800905,0.4,0.2,0.5067873303167421,0.17857142857142855,0.5,0.10869565217391304,0.497737556561086,0.04524886877828054,False,221,728,0.2403846153846154,0.3172049689440994,0.7084472049689442,f1_regret_bnd,-0.5770846800258564,-0.794194574080722,0.21710989405486558,False,L1_number_inpatient=few_prev_inpt|L2_number_emergency=no_prev_er|L3_discharge_disposition_id=OtherDisp,,,,,,,1,0.2403846153846154
L1_number_inpatient=no_prev_inpt|L2_number_emergency=one_prev_er|L3_discharge_disposition_id=Home,L3,L1_number_inpatient=no_prev_inpt|L2_number_emergency=one_prev_er,387,168,0.11886304909560723,0.11904761904761904,0.2,0.1,0.4642857142857143,0.0,0.0,0.0,0.47619047619047616,0.0,False,168,555,0.11891891891891893,0.2702702702702703,0.654054054054054,f1_regret_bnd,-0.7023809523809523,-0.7864077669902912,0.08402681460933892,False,L1_number_inpatient=no_prev_inpt|L2_number_emergency=one_prev_er|L3_discharge_disposition_id=Home,,,,,,,1,0.11891891891891893
L1_number_inpatient=no_prev_inpt|L2_number_emergency=multi_prev_er,L2,L1_number_inpatient=no_prev_inpt,165,164,0.18787878787878787,0.16463414634146342,0.4,0.2,0.5701219512195121,0.125,0.4,0.07407407407407407,0.7378048780487805,0.03048780487804878,True,164,513,0.1695906432748538,0.15747499324141662,0.5493376588267098,f1_regret_bnd,-0.8140243902439024,-0.3421309270323436,-0.4718934632115588,True,L1_number_inpatient=no_prev_inpt,L1_number_inpatient=no_prev_inpt,,,,,,1,0.1695906432748538
L1_number_inpatient=no_prev_inpt|L2_number_emergency=no_prev_er|L3_discharge_disposition_id=SNF_Rehab,L3,L1_number_inpatient=no_prev_inpt|L2_number_emergency=no_prev_er,305,139,0.09836065573770492,0.12949640287769784,0.4,0.2,0.4748201438848921,0.1904761904761905,0.6666666666666666,0.1111111111111111,0.31654676258992803,0.02158273381294964,True,139,444,0.10810810810810811,0.39439853076216713,0.5932047750229568,f1_regret_bnd,-0.4426173347036656,-0.3573336748883847,-0.08528365981528091,True,L1_number_inpatient=no_prev_inpt,L1_number_inpatient=no_prev_inpt,,,,,,1,0.10810810810810811
L1_number_inpatient=many_prev_inpt|L2_number_emergency=multi_prev_er,L2,L1_number_inpatient=many_prev_inpt,136,120,0.39705882352941174,0.4,0.4,0.1,0.5666666666666667,0.5555555555555556,0.5,0.625,0.48333333333333334,0.5,False,120,417,0.39568345323741005,0.3263888888888889,0.6119791666666666,f1_regret_bnd,-0.25277777777777777,-0.43965943422136783,0.18688165644359006,False,L1_number_inpatient=many_prev_inpt|L2_number_emergency=multi_prev_er,,,,,,,1,0.39568345323741005
L1_number_inpatient=few_prev_inpt|L2_number_emergency=one_prev_er,L2,L1_number_inpatient=few_prev_inpt,269,101,0.16728624535315986,0.18811881188118812,0.4,0.2,0.5297029702970297,0.0,0.0,0.0,0.5247524752475248,0.0,False,101,370,0.17297297297297298,0.2621951219512195,0.6617458279845957,f1_regret_bnd,-0.7920792079207921,-0.9697646103896104,0.17768540246881825,False,L1_number_inpatient=few_prev_inpt|L2_number_emergency=one_prev_er,,,,,,,1,0.17297297297297298
L1_number_inpatient=few_prev_inpt|L2_number_emergency=multi_prev_er,L2,L1_number_inpatient=few_prev_inpt,245,125,0.24489795918367346,0.136,0.5,0.3,0.5,0.1111111111111111,1.0,0.058823529411764705,0.2,0.008,False,125,370,0.20810810810810812,0.43218954248366015,0.5746187363834423,f1_regret_bnd,-0.48888888888888893,-0.9697646103896104,0.48087572150072144,False,L1_number_inpatient=few_prev_inpt|L2_number_emergency=multi_prev_er,,,,,,,1,0.20810810810810812
L1_number_inpatient=no_prev_inpt|L2_number_emergency=one_prev_er|L3_discharge_disposition_id=Transfer,L3,L1_number_inpatient=no_prev_inpt|L2_number_emergency=one_prev_er,255,114,0.17254901960784313,0.14035087719298245,0.4,0.2,0.5350877192982456,0.0,0.0,0.0,0.868421052631579,0.0,True,114,369,0.16260162601626016,0.07142857142857142,0.4502551020408163,f1_regret_bnd,-0.9692982456140351,-0.7864077669902912,-0.18289047862374386,True,L1_number_inpatient=no_prev_inpt,L1_number_inpatient=no_prev_inpt,,,,,,1,0.16260162601626016
L1_number_inpatient=no_prev_inpt|L2_number_emergency=multi_prev_er|L3_discharge_disposition_id=Home,L3,L1_number_inpatient=no_prev_inpt|L2_number_emergency=multi_prev_er,230,120,0.15217391304347827,0.18333333333333332,0.3,0.1,0.5708333333333333,0.15384615384615385,0.5,0.09090909090909091,0.7083333333333334,0.03333333333333333,False,120,350,0.16285714285714287,0.18320964749536178,0.5584415584415584,f1_regret_bnd,-0.7711538461538461,-0.8140243902439024,0.042870544090056306,False,L1_number_inpatient=no_prev_inpt|L2_number_emergency=multi_prev_er|L3_discharge_disposition_id=Home,,,,,,,1,0.16285714285714287
L1_number_inpatient=many_prev_inpt|L2_number_emergency=multi_prev_er|L3_discharge_disposition_id=Home,L3,L1_number_inpatient=many_prev_inpt|L2_number_emergency=multi_prev_er,201,87,0.40298507462686567,0.41379310344827586,0.4,0.0,0.5459770114942529,0.5974025974025975,0.5609756097560976,0.6388888888888888,0.5287356321839081,0.47126436781609193,False,87,288,0.40625,0.3194444444444444,0.6312636165577341,f1_regret_bnd,-0.21294223018360947,-0.25277777777777777,0.0398355475941683,False,L1_number_inpatient=many_prev_inpt|L2_number_emergency=multi_prev_er|L3_discharge_disposition_id=Home,,,,,,,1,0.40625
L1_number_inpatient=few_prev_inpt|L2_number_emergency=no_prev_er|L3_discharge_disposition_id=others,L3,L1_number_inpatient=few_prev_inpt|L2_number_emergency=no_prev_er,203,63,0.059113300492610835,0.047619047619047616,0.3,0.1,,,,,,,True,0,266,0.05639097744360902,,,f1_regret_bnd,,-0.794194574080722,,True,L1_number_inpatient=few_prev_inpt|L2_number_emergency=no_prev_er,L1_number_inpatient=few_prev_inpt|L2_number_emergency=no_prev_er,,,,,,1,0.05639097744360902
L1_number_inpatient=many_prev_inpt|L2_number_emergency=one_prev_er,L2,L1_number_inpatient=many_prev_inpt,175,78,0.38857142857142857,0.3717948717948718,0.4,0.2,,,,,,,True,0,253,0.383399209486166,,,f1_regret_bnd,,-0.43965943422136783,,True,ROOT,,,,,,,1,0.383399209486166
L1_number_inpatient=many_prev_inpt|L2_number_emergency=no_prev_er|L3_discharge_disposition_id=others,L3,L1_number_inpatient=many_prev_inpt|L2_number_emergency=no_prev_er,185,67,0.24864864864864866,0.1791044776119403,0.4,0.2,,,,,,,True,0,252,0.23015873015873015,,,f1_regret_bnd,,-0.49547061422889965,,True,ROOT,,,,,,,1,0.23015873015873015
L1_number_inpatient=few_prev_inpt|L2_number_emergency=multi_prev_er|L3_discharge_disposition_id=Home,L3,L1_number_inpatient=few_prev_inpt|L2_number_emergency=multi_prev_er,154,73,0.2792207792207792,0.1095890410958904,0.5,0.3,,,,,,,True,0,227,0.22466960352422907,,,f1_regret_bnd,,-0.48888888888888893,,True,L1_number_inpatient=few_prev_inpt|L2_number_emergency=multi_prev_er,L1_number_inpatient=few_prev_inpt|L2_number_emergency=multi_prev_er,,,,,,1,0.22466960352422907
L1_number_inpatient=no_prev_inpt|L2_number_emergency=multi_prev_er|L3_discharge_disposition_id=others,L3,L1_number_inpatient=no_prev_inpt|L2_number_emergency=multi_prev_er,119,44,0.21008403361344538,0.11363636363636363,0.4,0.2,,,,,,,True,0,163,0.18404907975460122,,,f1_regret_bnd,,-0.8140243902439024,,True,L1_number_inpatient=no_prev_inpt,L1_number_inpatient=no_prev_inpt,,,,,,1,0.18404907975460122
L1_number_inpatient=few_prev_inpt|L2_number_emergency=multi_prev_er|L3_discharge_disposition_id=others,L3,L1_number_inpatient=few_prev_inpt|L2_number_emergency=multi_prev_er,91,52,0.18681318681318682,0.17307692307692307,0.5,0.3,,,,,,,True,0,143,0.18181818181818182,,,f1_regret_bnd,,-0.48888888888888893,,True,L1_number_inpatient=few_prev_inpt|L2_number_emergency=multi_prev_er,L1_number_inpatient=few_prev_inpt|L2_number_emergency=multi_prev_er,,,,,,1,0.18181818181818182
L1_number_inpatient=many_prev_inpt|L2_number_emergency=multi_prev_er|L3_discharge_disposition_id=others,L3,L1_number_inpatient=many_prev_inpt|L2_number_emergency=multi_prev_er,96,33,0.375,0.36363636363636365,0.4,0.1,,,,,,,True,0,129,0.37209302325581395,,,f1_regret_bnd,,-0.25277777777777777,,True,L1_number_inpatient=many_prev_inpt|L2_number_emergency=multi_prev_er,L1_number_inpatient=many_prev_inpt|L2_number_emergency=multi_prev_er,,,,,,1,0.37209302325581395
L1_number_inpatient=no_prev_inpt|L2_number_emergency=one_prev_er|L3_discharge_disposition_id=others,L3,L1_number_inpatient=no_prev_inpt|L2_number_emergency=one_prev_er,53,27,0.05660377358490566,0.07407407407407407,0.4,0.2,,,,,,,True,0,80,0.0625,,,f1_regret_bnd,,-0.7864077669902912,,True,L1_number_inpatient=no_prev_inpt,L1_number_inpatient=no_prev_inpt,,,,,,1,0.0625
ROOT,L1,,11397,4884,0.11169606036676319,0.11466011466011466,0.4,0.2,0.40315315315315314,0.07907742998352554,0.5106382978723404,0.04285714285714286,0.09090909090909091,0.009623259623259623,False,4884,81413,0.11160379791925122,0.4813036870622439,0.6814428604466765,f1_regret_bnd,-0.3695302686241731,-0.40063052735014737,0.031100258725974272,False,ROOT,,,,,,,2,0.11160379791925122
L1_number_inpatient=no_prev_inpt,L1,ROOT,9771,4322,0.092109303039607,0.0999537251272559,0.4,0.2,0.36985192040721887,0.04063205417607223,0.8181818181818182,0.020833333333333332,0.36071263304025913,0.0025451180009254974,True,4322,69762,0.09472205498695566,0.34190766923736077,0.6796052318385224,f1_regret_bnd,-0.5095761827512761,-0.3695302686241731,-0.14004591412710304,True,ROOT,,,,,,,2,0.09472205498695566
L1_number_inpatient=no_prev_inpt|L2_number_emergency=no_prev_er,L2,L1_number_inpatient=no_prev_inpt,9559,4182,0.09394288105450362,0.09923481587757053,0.4,0.1,0.3662123385939742,0.03755868544600939,0.7272727272727273,0.01927710843373494,0.33070301291248205,0.0026303204208512673,False,4182,68210,0.0935933147632312,0.35566987887840185,0.6762570323769194,f1_regret_bnd,-0.4940051596042058,-0.5095761827512761,0.015571023147070318,False,L1_number_inpatient=no_prev_inpt|L2_number_emergency=no_prev_er,,,,,,,2,0.0935933147632312
L1_number_inpatient=no_prev_inpt|L2_number_emergency=no_prev_er|L3_discharge_disposition_id=Home,L3,L1_number_inpatient=no_prev_inpt|L2_number_emergency=no_prev_er,29039,12401,0.07503701918110128,0.07652608660591888,0.5,0.4,0.3061043464236755,0.0,0.0,0.0,0.0,0.0,False,12401,41440,0.07548262548262548,0.5,0.6117618063685988,f1_regret_bnd,-0.3061043464236755,-0.4940051596042058,0.1879008131805303,False,L1_number_inpatient=no_prev_inpt|L2_number_emergency=no_prev_er|L3_discharge_disposition_id=Home,,,,,,,2,0.07548262548262548
L1_number_inpatient=no_prev_inpt|L2_number_emergency=no_prev_er|L3_discharge_disposition_id=Transfer,L3,L1_number_inpatient=no_prev_inpt|L2_number_emergency=no_prev_er,13880,5921,0.12255043227665706,0.1246411079209593,0.4,0.2,0.4717108596520858,0.021220159151193636,0.5,0.01084010840108401,0.04306704948488431,0.0027022462421888195,False,5921,19801,0.123175597192061,0.48728383965298266,0.6145119781315505,f1_regret_bnd,-0.4720242252433343,-0.4940051596042058,0.021980934360871507,False,L1_number_inpatient=no_prev_inpt|L2_number_emergency=no_prev_er|L3_discharge_disposition_id=Transfer,,,,,,,2,0.123175597192061
L1_number_inpatient=few_prev_inpt,L1,ROOT,1215,704,0.1868312757201646,0.19744318181818182,0.4,0.2,0.5909090909090909,0.028368794326241138,1.0,0.014388489208633094,0.9375,0.002840909090909091,True,704,8721,0.18335053319573444,0.03993760743617496,0.5947411981918889,f1_regret_bnd,-1.0312902965828497,-0.3695302686241731,-0.6617600279586766,True,ROOT,,,,,,,2,0.18335053319573444
L1_number_inpatient=few_prev_inpt|L2_number_emergency=no_prev_er,L2,L1_number_inpatient=few_prev_inpt,1268,544,0.15930599369085174,0.1636029411764706,0.5,0.1,0.515625,0.04395604395604395,1.0,0.02247191011235955,0.8584558823529411,0.003676470588235294,False,544,7964,0.18194374686087394,0.0925546363748611,0.6158044202988023,f1_regret_bnd,-0.9008968972204265,-1.0312902965828497,0.1303933993624231,False,L1_number_inpatient=few_prev_inpt|L2_number_emergency=no_prev_er,,,,,,,2,0.18194374686087394
L1_number_inpatient=no_prev_inpt|L2_number_emergency=no_prev_er|L3_discharge_disposition_id=OtherDisp,L3,L1_number_inpatient=no_prev_inpt|L2_number_emergency=no_prev_er,3855,1645,0.1444876783398184,0.12522796352583587,0.4,0.2,0.3890577507598784,0.16326530612244897,0.5128205128205128,0.0970873786407767,0.19088145896656536,0.02370820668693009,False,1645,5500,0.13872727272727273,0.46063541968869964,0.7300883164549277,f1_regret_bnd,-0.3212331741207121,-0.4940051596042058,0.1727719854834937,False,L1_number_inpatient=no_prev_inpt|L2_number_emergency=no_prev_er|L3_discharge_disposition_id=OtherDisp,,,,,,,2,0.13872727272727273
L1_number_inpatient=few_prev_inpt|L2_number_emergency=no_prev_er|L3_discharge_disposition_id=Home,L3,L1_number_inpatient=few_prev_inpt|L2_number_emergency=no_prev_er,2710,1212,0.1752767527675277,0.1608910891089109,0.5,0.1,0.5759075907590759,0.0,0.0,0.0,0.9620462046204621,0.0,True,1212,3922,0.17083120856705764,0.02015732546705998,0.5634974661523334,f1_regret_bnd,-1.056930693069307,-0.9008968972204265,-0.15603379584888044,True,L1_number_inpatient=few_prev_inpt|L2_number_emergency=no_prev_er,L1_number_inpatient=few_prev_inpt|L2_number_emergency=no_prev_er,,,,,,2,0.17083120856705764
L1_number_inpatient=few_prev_inpt|L2_number_emergency=no_prev_er|L3_discharge_disposition_id=Transfer,L3,L1_number_inpatient=few_prev_inpt|L2_number_emergency=no_prev_er,2146,910,0.19198508853681268,0.2010989010989011,0.5,0.1,0.6,0.02127659574468085,0.4,0.01092896174863388,0.9945054945054945,0.005494505494505495,True,910,3056,0.19469895287958114,0.00546448087431694,0.5293781616193505,f1_regret_bnd,-1.0759761515080664,-0.9008968972204265,-0.17507925428763982,True,L1_number_inpatient=few_prev_inpt|L2_number_emergency=no_prev_er,L1_number_inpatient=few_prev_inpt|L2_number_emergency=no_prev_er,,,,,,2,0.19469895287958114
L1_number_inpatient=many_prev_inpt,L1,ROOT,547,346,0.3180987202925046,0.3208092485549133,0.4,0.2,0.596820809248555,0.4392523364485982,0.4563106796116505,0.42342342342342343,0.684971098265896,0.2976878612716763,True,346,2930,0.3,0.22447766915852022,0.6097757331799886,f1_regret_bnd,-0.5000540219329048,-0.3695302686241731,-0.13052375330873173,True,ROOT,,,,,,,2,0.3
L1_number_inpatient=many_prev_inpt|L2_number_emergency=no_prev_er,L2,L1_number_inpatient=many_prev_inpt,456,193,0.24780701754385964,0.34196891191709844,0.2,0.1,0.572538860103627,0.5268292682926831,0.38848920863309355,0.8181818181818182,0.20207253886010362,0.7202072538860104,False,193,2245,0.2775055679287305,0.46814602720114534,0.6282510140777857,f1_regret_bnd,-0.14674586124099573,-0.5000540219329048,0.35330816069190907,False,L1_number_inpatient=many_prev_inpt|L2_number_emergency=no_prev_er,,,,,,,2,0.2775055679287305
L1_number_inpatient=many_prev_inpt|L2_number_emergency=no_prev_er|L3_discharge_disposition_id=Home,L3,L1_number_inpatient=many_prev_inpt|L2_number_emergency=no_prev_er,804,334,0.2860696517412935,0.2934131736526946,0.2,0.1,0.6182634730538922,0.20512820512820512,0.631578947368421,0.12244897959183673,0.937125748502994,0.05688622754491018,True,334,1138,0.28822495606326887,0.06546177793151159,0.5599705984088551,f1_regret_bnd,-0.8816981421771841,-0.14674586124099573,-0.7349522809361884,True,L1_number_inpatient=many_prev_inpt|L2_number_emergency=no_prev_er,L1_number_inpatient=many_prev_inpt|L2_number_emergency=no_prev_er,,,,,,2,0.28822495606326887
L1_number_inpatient=no_prev_inpt|L2_number_emergency=no_prev_er|L3_discharge_disposition_id=Expired,L3,L1_number_inpatient=no_prev_inpt|L2_number_emergency=no_prev_er,715,318,0.0,0.0,0.4,0.1,,,,,,,True,0,1033,0.0,,,f1_regret_bnd,,-0.4940051596042058,,True,L1_number_inpatient=no_prev_inpt|L2_number_emergency=no_prev_er,L1_number_inpatient=no_prev_inpt|L2_number_emergency=no_prev_er,,,,,,2,0.0
L1_number_inpatient=no_prev_inpt|L2_number_emergency=one_prev_er,L2,L1_number_inpatient=no_prev_inpt,185,306,0.12972972972972974,0.11764705882352941,0.7,0.2,0.4477124183006536,0.0,0.0,0.0,0.0915032679738562,0.0,False,306,1009,0.13181367690782952,0.45925925925925926,0.6436213991769547,f1_regret_bnd,-0.4934640522875817,-0.5095761827512761,0.01611213046369442,False,L1_number_inpatient=no_prev_inpt|L2_number_emergency=one_prev_er,,,,,,,2,0.13181367690782952
L1_number_inpatient=many_prev_inpt|L2_number_emergency=no_prev_er|L3_discharge_disposition_id=Transfer,L3,L1_number_inpatient=many_prev_inpt|L2_number_emergency=no_prev_er,585,269,0.26324786324786326,0.2899628252788104,0.2,0.1,0.6096654275092936,0.422360248447205,0.40963855421686746,0.4358974358974359,0.6914498141263941,0.30855018587360594,True,269,854,0.2716627634660422,0.21794871794871795,0.5984024701302187,f1_regret_bnd,-0.5330300861252857,-0.14674586124099573,-0.38628422488428993,True,L1_number_inpatient=many_prev_inpt|L2_number_emergency=no_prev_er,L1_number_inpatient=many_prev_inpt|L2_number_emergency=no_prev_er,,,,,,2,0.2716627634660422
L1_number_inpatient=few_prev_inpt|L2_number_emergency=no_prev_er|L3_discharge_disposition_id=OtherDisp,L3,L1_number_inpatient=few_prev_inpt|L2_number_emergency=no_prev_er,489,221,0.25971370143149286,0.2171945701357466,0.4,0.1,0.5972850678733032,0.21212121212121213,0.3888888888888889,0.14583333333333334,0.8144796380090498,0.08144796380090498,False,221,710,0.24647887323943662,0.13072013487475914,0.5947736030828515,f1_regret_bnd,-0.7924036747566159,-0.9008968972204265,0.10849322246381066,False,L1_number_inpatient=few_prev_inpt|L2_number_emergency=no_prev_er|L3_discharge_disposition_id=OtherDisp,,,,,,,2,0.24647887323943662
L1_number_inpatient=no_prev_inpt|L2_number_emergency=one_prev_er|L3_discharge_disposition_id=Home,L3,L1_number_inpatient=no_prev_inpt|L2_number_emergency=one_prev_er,407,168,0.12285012285012285,0.1130952380952381,0.7,0.2,0.40476190476190477,0.0,0.0,0.0,0.6130952380952381,0.0,True,168,575,0.12,0.21140939597315436,0.712469092193571,f1_regret_bnd,-0.7113095238095238,-0.4934640522875817,-0.2178454715219421,True,L1_number_inpatient=no_prev_inpt|L2_number_emergency=one_prev_er,L1_number_inpatient=no_prev_inpt|L2_number_emergency=one_prev_er,,,,,,2,0.12
L1_number_inpatient=no_prev_inpt|L2_number_emergency=multi_prev_er,L2,L1_number_inpatient=no_prev_inpt,163,179,0.147239263803681,0.1787709497206704,0.4,0.2,0.5893854748603352,0.05714285714285714,0.3333333333333333,0.03125,0.9832402234636871,0.01675977653631285,True,179,543,0.16758747697974216,0.015625,0.6031037414965987,f1_regret_bnd,-1.0238627294493217,-0.5095761827512761,-0.5142865466980455,True,ROOT,,,,,,,2,0.16758747697974216
L1_number_inpatient=no_prev_inpt|L2_number_emergency=no_prev_er|L3_discharge_disposition_id=SNF_Rehab,L3,L1_number_inpatient=no_prev_inpt|L2_number_emergency=no_prev_er,310,126,0.12580645161290321,0.11904761904761904,0.4,0.1,0.44841269841269843,0.0,0.0,0.0,0.3888888888888889,0.0,True,126,436,0.12385321100917432,0.3153153153153153,0.6378378378378378,f1_regret_bnd,-0.6428571428571429,-0.4940051596042058,-0.14885198325293708,True,L1_number_inpatient=no_prev_inpt|L2_number_emergency=no_prev_er,L1_number_inpatient=no_prev_inpt|L2_number_emergency=no_prev_er,,,,,,2,0.12385321100917432
L1_number_inpatient=many_prev_inpt|L2_number_emergency=multi_prev_er,L2,L1_number_inpatient=many_prev_inpt,133,133,0.39849624060150374,0.3157894736842105,0.3,0.1,0.6353383458646616,0.496551724137931,0.34951456310679613,0.8571428571428571,0.21804511278195488,0.7744360902255639,False,133,432,0.37037037037037035,0.434065934065934,0.5303506017791731,f1_regret_bnd,-0.24780917811770806,-0.5000540219329048,0.25224484381519674,False,L1_number_inpatient=many_prev_inpt|L2_number_emergency=multi_prev_er,,,,,,,2,0.37037037037037035
L1_number_inpatient=few_prev_inpt|L2_number_emergency=one_prev_er,L2,L1_number_inpatient=few_prev_inpt,264,115,0.18181818181818182,0.17391304347826086,0.3,0.1,0.5565217391304348,0.26666666666666666,0.4,0.2,0.8695652173913043,0.08695652173913043,False,115,379,0.17941952506596306,0.12631578947368421,0.5900000000000001,f1_regret_bnd,-0.7246376811594203,-1.0312902965828497,0.30665261542342936,False,L1_number_inpatient=few_prev_inpt|L2_number_emergency=one_prev_er,,,,,,,2,0.17941952506596306
L1_number_inpatient=few_prev_inpt|L2_number_emergency=multi_prev_er,L2,L1_number_inpatient=few_prev_inpt,272,106,0.19852941176470587,0.2641509433962264,0.4,0.2,0.6320754716981132,0.0,0.0,0.0,1.0,0.0,True,106,378,0.21693121693121692,0.0,0.5416666666666667,f1_regret_bnd,-1.1320754716981132,-1.0312902965828497,-0.10078517511526353,True,ROOT,,,,,,,2,0.21693121693121692
L1_number_inpatient=no_prev_inpt|L2_number_emergency=multi_prev_er|L3_discharge_disposition_id=Home,L3,L1_number_inpatient=no_prev_inpt|L2_number_emergency=multi_prev_er,251,118,0.16334661354581673,0.1440677966101695,0.4,0.1,0.5720338983050848,0.0,0.0,0.0,0.8220338983050848,0.0,False,118,369,0.15718157181571815,0.0891089108910891,0.5311589982527665,f1_regret_bnd,-0.9830508474576272,-1.0238627294493217,0.0408118819916945,False,L1_number_inpatient=no_prev_inpt|L2_number_emergency=multi_prev_er|L3_discharge_disposition_id=Home,,,,,,,2,0.15718157181571815
L1_number_inpatient=no_prev_inpt|L2_number_emergency=one_prev_er|L3_discharge_disposition_id=Transfer,L3,L1_number_inpatient=no_prev_inpt|L2_number_emergency=one_prev_er,239,120,0.17573221757322174,0.14166666666666666,0.7,0.2,0.5083333333333333,0.0,0.0,0.0,0.175,0.0,True,120,359,0.16434540389972144,0.4223300970873786,0.5613934894346088,f1_regret_bnd,-0.5958333333333333,-0.4934640522875817,-0.1023692810457516,True,L1_number_inpatient=no_prev_inpt|L2_number_emergency=one_prev_er,L1_number_inpatient=no_prev_inpt|L2_number_emergency=one_prev_er,,,,,,2,0.16434540389972144
L1_number_inpatient=many_prev_inpt|L2_number_emergency=multi_prev_er|L3_discharge_disposition_id=Home,L3,L1_number_inpatient=many_prev_inpt|L2_number_emergency=multi_prev_er,207,90,0.3961352657004831,0.35555555555555557,0.2,0.0,0.6388888888888888,0.5289256198347108,0.3595505617977528,1.0,0.011111111111111112,0.9888888888888889,False,90,297,0.3838383838383838,0.5,0.4919181034482759,f1_regret_bnd,-0.11551882460973363,-0.24780917811770806,0.1322903535079744,False,L1_number_inpatient=many_prev_inpt|L2_number_emergency=multi_prev_er|L3_discharge_disposition_id=Home,,,,,,,2,0.3838383838383838
L1_number_inpatient=many_prev_inpt|L2_number_emergency=no_prev_er|L3_discharge_disposition_id=others,L3,L1_number_inpatient=many_prev_inpt|L2_number_emergency=no_prev_er,179,74,0.21787709497206703,0.32432432432432434,0.2,0.1,,,,,,,True,0,253,0.2490118577075099,,,f1_regret_bnd,,-0.14674586124099573,,True,L1_number_inpatient=many_prev_inpt|L2_number_emergency=no_prev_er,L1_number_inpatient=many_prev_inpt|L2_number_emergency=no_prev_er,,,,,,2,0.2490118577075099
L1_number_inpatient=many_prev_inpt|L2_number_emergency=one_prev_er,L2,L1_number_inpatient=many_prev_inpt,175,78,0.35428571428571426,0.4358974358974359,0.4,0.2,,,,,,,True,0,253,0.3794466403162055,,,f1_regret_bnd,,-0.5000540219329048,,True,ROOT,,,,,,,2,0.3794466403162055
L1_number_inpatient=few_prev_inpt|L2_number_emergency=multi_prev_er|L3_discharge_disposition_id=Home,L3,L1_number_inpatient=few_prev_inpt|L2_number_emergency=multi_prev_er,173,63,0.2254335260115607,0.31746031746031744,0.4,0.2,,,,,,,True,0,236,0.25,,,f1_regret_bnd,,-1.1320754716981132,,True,ROOT,,,,,,,2,0.25
L1_number_inpatient=few_prev_inpt|L2_number_emergency=no_prev_er|L3_discharge_disposition_id=Expired,L3,L1_number_inpatient=few_prev_inpt|L2_number_emergency=no_prev_er,148,59,0.0,0.0,0.5,0.1,,,,,,,True,0,207,0.0,,,f1_regret_bnd,,-0.9008968972204265,,True,L1_number_inpatient=few_prev_inpt|L2_number_emergency=no_prev_er,L1_number_inpatient=few_prev_inpt|L2_number_emergency=no_prev_er,,,,,,2,0.0
L1_number_inpatient=no_prev_inpt|L2_number_emergency=multi_prev_er|L3_discharge_disposition_id=others,L3,L1_number_inpatient=no_prev_inpt|L2_number_emergency=multi_prev_er,113,61,0.1592920353982301,0.2459016393442623,0.4,0.2,,,,,,,True,0,174,0.1896551724137931,,,f1_regret_bnd,,-1.0238627294493217,,True,ROOT,,,,,,,2,0.1896551724137931
L1_number_inpatient=few_prev_inpt|L2_number_emergency=multi_prev_er|L3_discharge_disposition_id=others,L3,L1_number_inpatient=few_prev_inpt|L2_number_emergency=multi_prev_er,99,43,0.15151515151515152,0.18604651162790697,0.4,0.2,,,,,,,True,0,142,0.1619718309859155,,,f1_regret_bnd,,-1.1320754716981132,,True,ROOT,,,,,,,2,0.1619718309859155
L1_number_inpatient=many_prev_inpt|L2_number_emergency=multi_prev_er|L3_discharge_disposition_id=others,L3,L1_number_inpatient=many_prev_inpt|L2_number_emergency=multi_prev_er,92,43,0.391304347826087,0.23255813953488372,0.3,0.1,,,,,,,True,0,135,0.34074074074074073,,,f1_regret_bnd,,-0.24780917811770806,,True,L1_number_inpatient=many_prev_inpt|L2_number_emergency=multi_prev_er,L1_number_inpatient=many_prev_inpt|L2_number_emergency=multi_prev_er,,,,,,2,0.34074074074074073
L1_number_inpatient=no_prev_inpt|L2_number_emergency=one_prev_er|L3_discharge_disposition_id=others,L3,L1_number_inpatient=no_prev_inpt|L2_number_emergency=one_prev_er,57,18,0.08771929824561403,0.0,0.7,0.2,,,,,,,True,0,75,0.06666666666666667,,,f1_regret_bnd,,-0.4934640522875817,,True,L1_number_inpatient=no_prev_inpt|L2_number_emergency=one_prev_er,L1_number_inpatient=no_prev_inpt|L2_number_emergency=one_prev_er,,,,,,2,0.06666666666666667
L1_number_inpatient=few_prev_inpt|L2_number_emergency=no_prev_er|L3_discharge_disposition_id=others,L3,L1_number_inpatient=few_prev_inpt|L2_number_emergency=no_prev_er,52,17,0.17307692307692307,0.0,0.5,0.1,,,,,,,True,0,69,0.13043478260869565,,,f1_regret_bnd,,-0.9008968972204265,,True,L1_number_inpatient=few_prev_inpt|L2_number_emergency=no_prev_er,L1_number_inpatient=few_prev_inpt|L2_number_emergency=no_prev_er,,,,,,2,0.13043478260869565
ROOT,L1,,11396,4883,0.11398736398736399,0.11202129838214213,0.4,0.1,0.39617038705713703,0.09666666666666666,0.5471698113207547,0.05301645338208409,0.4269916035224247,0.01085398320704485,False,4883,81413,0.11160379791925122,0.32297962890506415,0.6932142447567072,f1_regret_bnd,-0.5129995221516828,-0.39983213232885684,-0.11316738982282593,True,ROOT,,,,,,,3,0.11160379791925122
L1_number_inpatient=no_prev_inpt,L1,ROOT,9776,4278,0.09472176759410803,0.09841047218326321,0.4,0.2,0.37295465170640485,0.03695150115473441,0.6666666666666666,0.019002375296912115,0.03880317905563347,0.002805049088359046,False,4278,69661,0.09425647062201231,0.4927783460617306,0.6440367853863507,f1_regret_bnd,-0.3554047400794872,-0.5129995221516828,0.15759478207219557,False,L1_number_inpatient=no_prev_inpt,,,,,,,3,0.09425647062201231
L1_number_inpatient=no_prev_inpt|L2_number_emergency=no_prev_er,L2,L1_number_inpatient=no_prev_inpt,9565,4176,0.094511238891793,0.09722222222222222,0.4,0.2,0.36649904214559387,0.03836930455635492,0.7272727272727273,0.019704433497536946,0.031130268199233715,0.0026340996168582377,False,4176,68143,0.09303963723346492,0.49712012125805227,0.642970168951144,f1_regret_bnd,-0.3436948716888558,-0.3554047400794872,0.011709868390631373,False,L1_number_inpatient=no_prev_inpt|L2_number_emergency=no_prev_er,,,,,,,3,0.09303963723346492
L1_number_inpatient=no_prev_inpt|L2_number_emergency=no_prev_er|L3_discharge_disposition_id=Home,L3,L1_number_inpatient=no_prev_inpt|L2_number_emergency=no_prev_er,28995,12295,0.07490946714950854,0.07238714924766165,0.5,0.4,0.2895485969906466,0.0,0.0,0.0,0.0,0.0,False,12295,41290,0.07415839186243643,0.5,0.5813002871793861,f1_regret_bnd,-0.2895485969906466,-0.3436948716888558,0.05414627469820921,False,L1_number_inpatient=no_prev_inpt|L2_number_emergency=no_prev_er|L3_discharge_disposition_id=Home,,,,,,,3,0.07415839186243643
L1_number_inpatient=no_prev_inpt|L2_number_emergency=no_prev_er|L3_discharge_disposition_id=Transfer,L3,L1_number_inpatient=no_prev_inpt|L2_number_emergency=no_prev_er,13960,5980,0.12256446991404012,0.1277591973244147,0.4,0.2,0.4810200668896321,0.020592020592020595,0.6153846153846154,0.010471204188481676,0.048494983277591976,0.002173913043478261,True,5980,19940,0.12412236710130391,0.48510523399608135,0.6163315453056242,f1_regret_bnd,-0.4846755379364075,-0.3436948716888558,-0.14098066624755168,True,L1_number_inpatient=no_prev_inpt|L2_number_emergency=no_prev_er,L1_number_inpatient=no_prev_inpt|L2_number_emergency=no_prev_er,,,,,,3,0.12412236710130391
L1_number_inpatient=few_prev_inpt,L1,ROOT,1212,753,0.18894389438943895,0.17264276228419656,0.4,0.1,0.5690571049136787,0.0,0.0,0.0,0.9654714475431607,0.0,True,753,8848,0.18377034358047017,0.02086677367576244,0.5963081861958266,f1_regret_bnd,-1.051792828685259,-0.5129995221516828,-0.5387933065335762,True,ROOT,,,,,,,3,0.18377034358047017
L1_number_inpatient=few_prev_inpt|L2_number_emergency=no_prev_er,L2,L1_number_inpatient=few_prev_inpt,1257,573,0.1869530628480509,0.15706806282722513,0.4,0.1,0.5200698080279232,0.043010752688172046,0.6666666666666666,0.022222222222222223,0.8708551483420593,0.005235602094240838,False,573,8079,0.18269587820274785,0.08357487922705314,0.6017483321831147,f1_regret_bnd,-0.9124866295107809,-1.051792828685259,0.13930619917447806,False,L1_number_inpatient=few_prev_inpt|L2_number_emergency=no_prev_er,,,,,,,3,0.18269587820274785
L1_number_inpatient=no_prev_inpt|L2_number_emergency=no_prev_er|L3_discharge_disposition_id=OtherDisp,L3,L1_number_inpatient=no_prev_inpt|L2_number_emergency=no_prev_er,3820,1617,0.13848167539267014,0.14038342609771182,0.4,0.2,0.43351886209029067,0.14074074074074075,0.4418604651162791,0.08370044052863436,0.4706246134817563,0.026592455163883734,True,1617,5437,0.13904726871436454,0.3145120907679143,0.7006687161284189,f1_regret_bnd,-0.5280904280904282,-0.3436948716888558,-0.18439555640157235,True,L1_number_inpatient=no_prev_inpt|L2_number_emergency=no_prev_er,L1_number_inpatient=no_prev_inpt|L2_number_emergency=no_prev_er,,,,,,3,0.13904726871436454
L1_number_inpatient=few_prev_inpt|L2_number_emergency=no_prev_er|L3_discharge_disposition_id=Home,L3,L1_number_inpatient=few_prev_inpt|L2_number_emergency=no_prev_er,2700,1302,0.17037037037037037,0.16666666666666666,0.4,0.1,0.5733486943164362,0.0,0.0,0.0,0.9692780337941628,0.0,True,1302,4002,0.16916541729135431,0.017511520737327188,0.5658901229586527,f1_regret_bnd,-1.0579877112135176,-0.9124866295107809,-0.1455010817027368,True,L1_number_inpatient=few_prev_inpt|L2_number_emergency=no_prev_er,L1_number_inpatient=few_prev_inpt|L2_number_emergency=no_prev_er,,,,,,3,0.16916541729135431
L1_number_inpatient=few_prev_inpt|L2_number_emergency=no_prev_er|L3_discharge_disposition_id=Transfer,L3,L1_number_inpatient=few_prev_inpt|L2_number_emergency=no_prev_er,2133,940,0.19737458977965308,0.1946808510638298,0.4,0.1,0.5952127659574468,0.0418848167539267,0.5,0.02185792349726776,0.9840425531914894,0.00851063829787234,True,940,3073,0.1965506020175724,0.014891973637669547,0.5335267918372062,f1_regret_bnd,-1.0453492257992647,-0.9124866295107809,-0.13286259628848385,True,L1_number_inpatient=few_prev_inpt|L2_number_emergency=no_prev_er,L1_number_inpatient=few_prev_inpt|L2_number_emergency=no_prev_er,,,,,,3,0.1965506020175724
L1_number_inpatient=many_prev_inpt,L1,ROOT,542,349,0.33948339483394835,0.37249283667621774,0.4,0.1,0.5659025787965616,0.5185185185185185,0.5575221238938053,0.4846153846153846,0.6532951289398281,0.3237822349570201,False,349,2904,0.30785123966942146,0.26057253249034074,0.6569371268001405,f1_regret_bnd,-0.37403162474795715,-0.5129995221516828,0.13896789740372562,False,L1_number_inpatient=many_prev_inpt,,,,,,,3,0.30785123966942146
L1_number_inpatient=many_prev_inpt|L2_number_emergency=no_prev_er,L2,L1_number_inpatient=many_prev_inpt,446,200,0.2600896860986547,0.245,0.4,0.1,0.53,0.4096385542168675,0.5,0.3469387755102041,0.625,0.17,True,200,2224,0.2801258992805755,0.29929720232463847,0.7007703743749156,f1_regret_bnd,-0.4328614457831325,-0.37403162474795715,-0.05882982103517537,True,L1_number_inpatient=many_prev_inpt,L1_number_inpatient=many_prev_inpt,,,,,,3,0.2801258992805755
L1_number_inpatient=many_prev_inpt|L2_number_emergency=no_prev_er|L3_discharge_disposition_id=Home,L3,L1_number_inpatient=many_prev_inpt|L2_number_emergency=no_prev_er,779,335,0.2901155327342747,0.2835820895522388,0.4,0.1,0.608955223880597,0.4083769633507854,0.40625,0.4105263157894737,0.7104477611940299,0.2865671641791045,True,335,1114,0.2881508078994614,0.20734649122807017,0.6079824561403508,f1_regret_bnd,-0.5558021411268266,-0.4328614457831325,-0.12294069534369406,True,L1_number_inpatient=many_prev_inpt,L1_number_inpatient=many_prev_inpt,,,,,,3,0.2881508078994614
L1_number_inpatient=no_prev_inpt|L2_number_emergency=no_prev_er|L3_discharge_disposition_id=Expired,L3,L1_number_inpatient=no_prev_inpt|L2_number_emergency=no_prev_er,745,281,0.0,0.0,0.4,0.2,,,,,,,True,0,1026,0.0,,,f1_regret_bnd,,-0.3436948716888558,,True,L1_number_inpatient=no_prev_inpt|L2_number_emergency=no_prev_er,L1_number_inpatient=no_prev_inpt|L2_number_emergency=no_prev_er,,,,,,3,0.0
L1_number_inpatient=no_prev_inpt|L2_number_emergency=one_prev_er,L2,L1_number_inpatient=no_prev_inpt,181,302,0.14917127071823205,0.1490066225165563,0.4,0.2,0.5149006622516556,0.0,0.0,0.0,0.7185430463576159,0.0,True,302,999,0.13613613613613615,0.1517509727626459,0.5513186338089062,f1_regret_bnd,-0.8741721854304636,-0.3554047400794872,-0.5187674453509764,True,L1_number_inpatient=no_prev_inpt,L1_number_inpatient=no_prev_inpt,,,,,,3,0.13613613613613615
L1_number_inpatient=many_prev_inpt|L2_number_emergency=no_prev_er|L3_discharge_disposition_id=Transfer,L3,L1_number_inpatient=many_prev_inpt|L2_number_emergency=no_prev_er,624,232,0.27724358974358976,0.28879310344827586,0.4,0.1,0.5603448275862069,0.3191489361702128,0.5555555555555556,0.22388059701492538,0.7629310344827587,0.11637931034482758,True,232,856,0.2803738317757009,0.19375848032564452,0.6528267752148349,f1_regret_bnd,-0.6226614086573734,-0.4328614457831325,-0.1897999628742409,True,L1_number_inpatient=many_prev_inpt,L1_number_inpatient=many_prev_inpt,,,,,,3,0.2803738317757009
L1_number_inpatient=few_prev_inpt|L2_number_emergency=no_prev_er|L3_discharge_disposition_id=OtherDisp,L3,L1_number_inpatient=few_prev_inpt|L2_number_emergency=no_prev_er,528,206,0.2518939393939394,0.23300970873786409,0.4,0.1,0.5849514563106796,0.23728813559322035,0.6363636363636364,0.14583333333333334,0.8300970873786407,0.05339805825242718,False,206,734,0.24659400544959129,0.1393723628691983,0.611418776371308,f1_regret_bnd,-0.7627118644067796,-0.9124866295107809,0.14977476510400123,False,L1_number_inpatient=few_prev_inpt|L2_number_emergency=no_prev_er|L3_discharge_disposition_id=OtherDisp,,,,,,,3,0.24659400544959129
L1_number_inpatient=no_prev_inpt|L2_number_emergency=one_prev_er|L3_discharge_disposition_id=Home,L3,L1_number_inpatient=no_prev_inpt|L2_number_emergency=one_prev_er,396,164,0.11868686868686869,0.13414634146341464,0.3,0.1,0.47865853658536583,0.0,0.0,0.0,0.6524390243902439,0.0,False,164,560,0.12321428571428572,0.18661971830985916,0.6219590268886044,f1_regret_bnd,-0.8048780487804879,-0.8741721854304636,0.06929413664997575,False,L1_number_inpatient=no_prev_inpt|L2_number_emergency=one_prev_er|L3_discharge_disposition_id=Home,,,,,,,3,0.12321428571428572
L1_number_inpatient=no_prev_inpt|L2_number_emergency=multi_prev_er,L2,L1_number_inpatient=no_prev_inpt,154,155,0.19480519480519481,0.12903225806451613,0.4,0.2,0.45161290322580644,0.08695652173913045,0.3333333333333333,0.05,0.25806451612903225,0.01935483870967742,True,155,519,0.17341040462427745,0.3990740740740741,0.6214814814814815,f1_regret_bnd,-0.49368863955119213,-0.3554047400794872,-0.13828389947170494,True,L1_number_inpatient=no_prev_inpt,L1_number_inpatient=no_prev_inpt,,,,,,3,0.17341040462427745
L1_number_inpatient=no_prev_inpt|L2_number_emergency=no_prev_er|L3_discharge_disposition_id=SNF_Rehab,L3,L1_number_inpatient=no_prev_inpt|L2_number_emergency=no_prev_er,308,142,0.11363636363636363,0.08450704225352113,0.4,0.3,0.3380281690140845,0.0,0.0,0.0,0.0,0.0,False,142,450,0.10444444444444445,0.5,0.6621794871794872,f1_regret_bnd,-0.3380281690140845,-0.3436948716888558,0.005666702674771318,False,L1_number_inpatient=no_prev_inpt|L2_number_emergency=no_prev_er|L3_discharge_disposition_id=SNF_Rehab,,,,,,,3,0.10444444444444445
L1_number_inpatient=many_prev_inpt|L2_number_emergency=multi_prev_er,L2,L1_number_inpatient=many_prev_inpt,291,146,0.3745704467353952,0.4041095890410959,0.4,0.0,0.5376712328767124,0.6106870229007634,0.5555555555555556,0.6779661016949152,0.5068493150684932,0.4931506849315068,False,146,437,0.38443935926773454,0.3389830508474576,0.6654977595947789,f1_regret_bnd,-0.18040886751019558,-0.37403162474795715,0.19362275723776157,False,L1_number_inpatient=many_prev_inpt|L2_number_emergency=multi_prev_er,,,,,,,3,0.38443935926773454
L1_number_inpatient=few_prev_inpt|L2_number_emergency=multi_prev_er,L2,L1_number_inpatient=few_prev_inpt,268,123,0.2126865671641791,0.21951219512195122,0.4,0.1,0.6056910569105691,0.0,0.0,0.0,0.991869918699187,0.0,True,123,391,0.21483375959079284,0.005208333333333333,0.5706018518518519,f1_regret_bnd,-1.1016260162601625,-1.051792828685259,-0.049833187574903626,True,ROOT,,,,,,,3,0.21483375959079284
L1_number_inpatient=few_prev_inpt|L2_number_emergency=one_prev_er,L2,L1_number_inpatient=few_prev_inpt,254,124,0.1889763779527559,0.14516129032258066,0.5,0.2,0.5403225806451613,0.0,0.0,0.0,0.5967741935483871,0.0,False,124,378,0.1746031746031746,0.20754716981132076,0.5927672955974843,f1_regret_bnd,-0.8387096774193548,-1.051792828685259,0.21308315126590416,False,L1_number_inpatient=few_prev_inpt|L2_number_emergency=one_prev_er,,,,,,,3,0.1746031746031746
L1_number_inpatient=no_prev_inpt|L2_number_emergency=multi_prev_er|L3_discharge_disposition_id=Home,L3,L1_number_inpatient=no_prev_inpt|L2_number_emergency=multi_prev_er,262,100,0.18702290076335878,0.11,0.4,0.2,0.38,0.16666666666666669,1.0,0.09090909090909091,0.24,0.01,False,100,362,0.16574585635359115,0.4330949948927477,0.6210418794688457,f1_regret_bnd,-0.3333333333333333,-0.49368863955119213,0.16035530621785882,False,L1_number_inpatient=no_prev_inpt|L2_number_emergency=multi_prev_er|L3_discharge_disposition_id=Home,,,,,,,3,0.16574585635359115
L1_number_inpatient=no_prev_inpt|L2_number_emergency=one_prev_er|L3_discharge_disposition_id=Transfer,L3,L1_number_inpatient=no_prev_inpt|L2_number_emergency=one_prev_er,248,112,0.1532258064516129,0.19642857142857142,0.4,0.2,0.5982142857142857,0.0,0.0,0.0,1.0,0.0,True,112,360,0.16666666666666666,0.0,0.4186868686868687,f1_regret_bnd,-1.0982142857142856,-0.8741721854304636,-0.224042100283822,True,L1_number_inpatient=no_prev_inpt,L1_number_inpatient=no_prev_inpt,,,,,,3,0.16666666666666666
L1_number_inpatient=many_prev_inpt|L2_number_emergency=multi_prev_er|L3_discharge_disposition_id=Home,L3,L1_number_inpatient=many_prev_inpt|L2_number_emergency=multi_prev_er,193,103,0.41968911917098445,0.36893203883495146,0.4,0.0,0.5388349514563107,0.5909090909090909,0.52,0.6842105263157895,0.49514563106796117,0.4854368932038835,True,103,296,0.40202702702702703,0.35748987854251013,0.6757085020242914,f1_regret_bnd,-0.1954986760812003,-0.18040886751019558,-0.015089808571004726,True,L1_number_inpatient=many_prev_inpt|L2_number_emergency=multi_prev_er,L1_number_inpatient=many_prev_inpt|L2_number_emergency=multi_prev_er,,,,,,3,0.40202702702702703
L1_number_inpatient=few_prev_inpt|L2_number_emergency=no_prev_er|L3_discharge_disposition_id=others,L3,L1_number_inpatient=few_prev_inpt|L2_number_emergency=no_prev_er,186,84,0.053763440860215055,0.047619047619047616,0.4,0.1,,,,,,,True,0,270,0.05185185185185185,,,f1_regret_bnd,,-0.9124866295107809,,True,L1_number_inpatient=few_prev_inpt|L2_number_emergency=no_prev_er,L1_number_inpatient=few_prev_inpt|L2_number_emergency=no_prev_er,,,,,,3,0.05185185185185185
L1_number_inpatient=many_prev_inpt|L2_number_emergency=no_prev_er|L3_discharge_disposition_id=others,L3,L1_number_inpatient=many_prev_inpt|L2_number_emergency=no_prev_er,167,87,0.25149700598802394,0.22988505747126436,0.4,0.1,,,,,,,True,0,254,0.2440944881889764,,,f1_regret_bnd,,-0.4328614457831325,,True,L1_number_inpatient=many_prev_inpt,L1_number_inpatient=many_prev_inpt,,,,,,3,0.2440944881889764
L1_number_inpatient=many_prev_inpt|L2_number_emergency=one_prev_er,L2,L1_number_inpatient=many_prev_inpt,170,73,0.4294117647058823,0.410958904109589,0.4,0.1,,,,,,,True,0,243,0.42386831275720166,,,f1_regret_bnd,,-0.37403162474795715,,True,L1_number_inpatient=many_prev_inpt,L1_number_inpatient=many_prev_inpt,,,,,,3,0.42386831275720166
L1_number_inpatient=few_prev_inpt|L2_number_emergency=multi_prev_er|L3_discharge_disposition_id=Home,L3,L1_number_inpatient=few_prev_inpt|L2_number_emergency=multi_prev_er,158,77,0.24050632911392406,0.23376623376623376,0.4,0.1,,,,,,,True,0,235,0.23829787234042554,,,f1_regret_bnd,,-1.1016260162601625,,True,ROOT,,,,,,,3,0.23829787234042554
L1_number_inpatient=no_prev_inpt|L2_number_emergency=multi_prev_er|L3_discharge_disposition_id=others,L3,L1_number_inpatient=no_prev_inpt|L2_number_emergency=multi_prev_er,102,55,0.20588235294117646,0.16363636363636364,0.4,0.2,,,,,,,True,0,157,0.1910828025477707,,,f1_regret_bnd,,-0.49368863955119213,,True,L1_number_inpatient=no_prev_inpt,L1_number_inpatient=no_prev_inpt,,,,,,3,0.1910828025477707
L1_number_inpatient=few_prev_inpt|L2_number_emergency=multi_prev_er|L3_discharge_disposition_id=others,L3,L1_number_inpatient=few_prev_inpt|L2_number_emergency=multi_prev_er,110,46,0.17272727272727273,0.1956521739130435,0.4,0.1,,,,,,,True,0,156,0.1794871794871795,,,f1_regret_bnd,,-1.1016260162601625,,True,ROOT,,,,,,,3,0.1794871794871795
L1_number_inpatient=many_prev_inpt|L2_number_emergency=multi_prev_er|L3_discharge_disposition_id=others,L3,L1_number_inpatient=many_prev_inpt|L2_number_emergency=multi_prev_er,98,43,0.2857142857142857,0.4883720930232558,0.4,0.0,,,,,,,True,0,141,0.3475177304964539,,,f1_regret_bnd,,-0.18040886751019558,,True,L1_number_inpatient=many_prev_inpt|L2_number_emergency=multi_prev_er,L1_number_inpatient=many_prev_inpt|L2_number_emergency=multi_prev_er,,,,,,3,0.3475177304964539
L1_number_inpatient=no_prev_inpt|L2_number_emergency=one_prev_er|L3_discharge_disposition_id=others,L3,L1_number_inpatient=no_prev_inpt|L2_number_emergency=one_prev_er,53,26,0.11320754716981132,0.038461538461538464,0.4,0.2,,,,,,,True,0,79,0.08860759493670886,,,f1_regret_bnd,,-0.8741721854304636,,True,L1_number_inpatient=no_prev_inpt,L1_number_inpatient=no_prev_inpt,,,,,,3,0.08860759493670886
ROOT,L1,,11396,4883,0.11188136188136188,0.11181650624616014,0.4,0.2,0.39678476346508296,0.088135593220339,0.5909090909090909,0.047619047619047616,0.08335039934466516,0.009010853983207045,False,4883,81413,0.11160379791925122,0.4868023760115068,0.6706552612708941,f1_regret_bnd,-0.35032436991707655,-0.39753930560104817,0.047214935683971615,False,ROOT,,,,,,,4,0.11160379791925122
L1_number_inpatient=no_prev_inpt,L1,ROOT,9756,4298,0.09686346863468635,0.10888785481619358,0.4,0.2,0.4129827826896231,0.03734439834024896,0.6428571428571429,0.019230769230769232,0.044206607724523034,0.003257328990228013,True,4298,69672,0.09475829601561603,0.4901636874874473,0.6373602463680793,f1_regret_bnd,-0.39774168821163564,-0.35032436991707655,-0.047417318294559085,True,ROOT,,,,,,,4,0.09475829601561603
L1_number_inpatient=no_prev_inpt|L2_number_emergency=no_prev_er,L2,L1_number_inpatient=no_prev_inpt,9535,4208,0.09564761405348715,0.08745247148288973,0.6,0.2,0.3366207224334601,0.0054200542005420045,1.0,0.002717391304347826,0.040399239543726234,0.0002376425855513308,False,4208,68122,0.0935674231525792,0.48430140398550725,0.6402166836503623,f1_regret_bnd,-0.35140028800478124,-0.39774168821163564,0.0463414002068544,False,L1_number_inpatient=no_prev_inpt|L2_number_emergency=no_prev_er,,,,,,,4,0.0935674231525792
L1_number_inpatient=no_prev_inpt|L2_number_emergency=no_prev_er|L3_discharge_disposition_id=Home,L3,L1_number_inpatient=no_prev_inpt|L2_number_emergency=no_prev_er,28941,12331,0.07487647282402128,0.07412213121401347,0.5,0.4,0.29648852485605387,0.0,0.0,0.0,0.0,0.0,False,12331,41272,0.07465109517348323,0.5,0.592195474559129,f1_regret_bnd,-0.29648852485605387,-0.35140028800478124,0.054911763148727366,False,L1_number_inpatient=no_prev_inpt|L2_number_emergency=no_prev_er|L3_discharge_disposition_id=Home,,,,,,,4,0.07465109517348323
L1_number_inpatient=no_prev_inpt|L2_number_emergency=no_prev_er|L3_discharge_disposition_id=Transfer,L3,L1_number_inpatient=no_prev_inpt|L2_number_emergency=no_prev_er,13831,6092,0.12580435254139252,0.12179908076165463,0.6,0.2,0.46495403808273145,0.021164021164021166,0.5714285714285714,0.01078167115902965,0.061720288903479976,0.002298095863427446,True,6092,19923,0.12457963158158912,0.4776338262337204,0.6032664936896995,f1_regret_bnd,-0.4746501613704503,-0.35140028800478124,-0.12324987336566906,True,L1_number_inpatient=no_prev_inpt|L2_number_emergency=no_prev_er,L1_number_inpatient=no_prev_inpt|L2_number_emergency=no_prev_er,,,,,,4,0.12457963158158912
L1_number_inpatient=few_prev_inpt,L1,ROOT,1231,702,0.17465475223395613,0.20797720797720798,0.4,0.2,0.5811965811965812,0.02684563758389262,0.6666666666666666,0.0136986301369863,0.9344729344729344,0.004273504273504274,True,702,8810,0.1803632236095346,0.04371981866561545,0.5701438848920863,f1_regret_bnd,-1.0215874108491558,-0.35032436991707655,-0.6712630409320792,True,ROOT,,,,,,,4,0.1803632236095346
L1_number_inpatient=few_prev_inpt|L2_number_emergency=no_prev_er,L2,L1_number_inpatient=few_prev_inpt,1280,550,0.16640625,0.14727272727272728,0.4,0.1,0.5181818181818182,0.06818181818181818,0.42857142857142855,0.037037037037037035,0.8418181818181818,0.012727272727272728,False,550,8035,0.17884256378344743,0.10060807075732449,0.6208639342967701,f1_regret_bnd,-0.8709090909090909,-1.0215874108491558,0.15067831994006498,False,L1_number_inpatient=few_prev_inpt|L2_number_emergency=no_prev_er,,,,,,,4,0.17884256378344743
L1_number_inpatient=no_prev_inpt|L2_number_emergency=no_prev_er|L3_discharge_disposition_id=OtherDisp,L3,L1_number_inpatient=no_prev_inpt|L2_number_emergency=no_prev_er,3879,1573,0.13817994328435163,0.1455816910362365,0.6,0.2,0.43642720915448185,0.14671814671814673,0.6333333333333333,0.08296943231441048,0.20025429116338206,0.019071837253655435,True,1573,5452,0.14031548055759355,0.4544311447286338,0.7160077458931171,f1_regret_bnd,-0.3898362080180261,-0.35140028800478124,-0.03843592001324486,True,L1_number_inpatient=no_prev_inpt|L2_number_emergency=no_prev_er,L1_number_inpatient=no_prev_inpt|L2_number_emergency=no_prev_er,,,,,,4,0.14031548055759355
L1_number_inpatient=few_prev_inpt|L2_number_emergency=no_prev_er|L3_discharge_disposition_id=Home,L3,L1_number_inpatient=few_prev_inpt|L2_number_emergency=no_prev_er,2819,1158,0.16353316778999646,0.18048359240069084,0.4,0.1,0.5790155440414507,0.009523809523809525,1.0,0.004784688995215311,0.9602763385146805,0.0008635578583765112,True,1158,3977,0.16846869499622832,0.024520900872739372,0.5707392823470689,f1_regret_bnd,-1.0496299037749814,-0.8709090909090909,-0.1787208128658906,True,L1_number_inpatient=few_prev_inpt|L2_number_emergency=no_prev_er,L1_number_inpatient=few_prev_inpt|L2_number_emergency=no_prev_er,,,,,,4,0.16846869499622832
L1_number_inpatient=few_prev_inpt|L2_number_emergency=no_prev_er|L3_discharge_disposition_id=Transfer,L3,L1_number_inpatient=few_prev_inpt|L2_number_emergency=no_prev_er,2099,952,0.1910433539780848,0.1953781512605042,0.4,0.1,0.5966386554621849,0.0,0.0,0.0,0.9758403361344538,0.0,True,952,3051,0.19239593575876762,0.013054830287206266,0.5454322131446699,f1_regret_bnd,-1.0845588235294117,-0.8709090909090909,-0.21364973262032083,True,L1_number_inpatient=few_prev_inpt|L2_number_emergency=no_prev_er,L1_number_inpatient=few_prev_inpt|L2_number_emergency=no_prev_er,,,,,,4,0.19239593575876762
L1_number_inpatient=many_prev_inpt,L1,ROOT,547,340,0.3272394881170018,0.3235294117647059,0.3,0.1,0.5926470588235294,0.5,0.3978494623655914,0.6727272727272727,0.42058823529411765,0.5470588235294118,False,340,2931,0.30535653360627774,0.36027667984189726,0.6325296442687748,f1_regret_bnd,-0.30294117647058827,-0.35032436991707655,0.04738319344648828,False,L1_number_inpatient=many_prev_inpt,,,,,,,4,0.30535653360627774
L1_number_inpatient=many_prev_inpt|L2_number_emergency=no_prev_er,L2,L1_number_inpatient=many_prev_inpt,444,207,0.28153153153153154,0.2560386473429952,0.3,0.1,0.5772946859903382,0.15625,0.45454545454545453,0.09433962264150944,0.7294685990338164,0.05314009661835749,True,207,2252,0.2855239786856128,0.18028669443763784,0.6296250918892429,f1_regret_bnd,-0.7857789855072463,-0.30294117647058827,-0.48283780903665807,True,L1_number_inpatient=many_prev_inpt,L1_number_inpatient=many_prev_inpt,,,,,,4,0.2855239786856128
L1_number_inpatient=many_prev_inpt|L2_number_emergency=no_prev_er|L3_discharge_disposition_id=Home,L3,L1_number_inpatient=many_prev_inpt|L2_number_emergency=no_prev_er,794,352,0.3035264483627204,0.2897727272727273,0.3,0.1,0.6221590909090909,0.1475409836065574,0.45,0.08823529411764706,0.7386363636363636,0.056818181818181816,True,352,1146,0.29930191972076786,0.17011764705882354,0.5977254901960785,f1_regret_bnd,-0.8439362891207154,-0.7857789855072463,-0.05815730361346905,True,L1_number_inpatient=many_prev_inpt,L1_number_inpatient=many_prev_inpt,,,,,,4,0.29930191972076786
L1_number_inpatient=no_prev_inpt|L2_number_emergency=no_prev_er|L3_discharge_disposition_id=Expired,L3,L1_number_inpatient=no_prev_inpt|L2_number_emergency=no_prev_er,752,290,0.0,0.0,0.6,0.2,,,,,,,True,0,1042,0.0,,,f1_regret_bnd,,-0.35140028800478124,,True,L1_number_inpatient=no_prev_inpt|L2_number_emergency=no_prev_er,L1_number_inpatient=no_prev_inpt|L2_number_emergency=no_prev_er,,,,,,4,0.0
L1_number_inpatient=no_prev_inpt|L2_number_emergency=one_prev_er,L2,L1_number_inpatient=no_prev_inpt,183,293,0.14207650273224043,0.13651877133105803,0.4,0.2,0.4761092150170648,0.046511627906976744,0.3333333333333333,0.025,0.6382252559726962,0.010238907849829351,True,293,1016,0.1328740157480315,0.20222332015810277,0.5906126482213438,f1_regret_bnd,-0.7487102150964362,-0.39774168821163564,-0.35096852688480057,True,ROOT,,,,,,,4,0.1328740157480315
L1_number_inpatient=many_prev_inpt|L2_number_emergency=no_prev_er|L3_discharge_disposition_id=Transfer,L3,L1_number_inpatient=many_prev_inpt|L2_number_emergency=no_prev_er,595,258,0.28403361344537814,0.2751937984496124,0.3,0.0,0.6124031007751938,0.45303867403314924,0.37272727272727274,0.5774647887323944,0.5736434108527132,0.4263565891472868,False,258,853,0.2813599062133646,0.2887323943661972,0.6121111696919485,f1_regret_bnd,-0.44618613216840114,-0.7857789855072463,0.3395928533388452,False,L1_number_inpatient=many_prev_inpt|L2_number_emergency=no_prev_er|L3_discharge_disposition_id=Transfer,,,,,,,4,0.2813599062133646
L1_number_inpatient=few_prev_inpt|L2_number_emergency=no_prev_er|L3_discharge_disposition_id=OtherDisp,L3,L1_number_inpatient=few_prev_inpt|L2_number_emergency=no_prev_er,491,233,0.24439918533604887,0.2017167381974249,0.4,0.2,0.5042918454935622,0.3235294117647059,0.5238095238095238,0.23404255319148937,0.40772532188841204,0.09012875536480687,False,233,724,0.23066298342541436,0.39927934111187374,0.6962937542896362,f1_regret_bnd,-0.38462509467306233,-0.8709090909090909,0.4862839962360285,False,L1_number_inpatient=few_prev_inpt|L2_number_emergency=no_prev_er|L3_discharge_disposition_id=OtherDisp,,,,,,,4,0.23066298342541436
L1_number_inpatient=no_prev_inpt|L2_number_emergency=one_prev_er|L3_discharge_disposition_id=Home,L3,L1_number_inpatient=no_prev_inpt|L2_number_emergency=one_prev_er,406,166,0.1206896551724138,0.1144578313253012,0.3,0.1,0.4457831325301205,0.0,0.0,0.0,0.5240963855421686,0.0,False,166,572,0.11888111888111888,0.24829931972789115,0.6050841389187254,f1_regret_bnd,-0.7078313253012047,-0.7487102150964362,0.040878889795231466,False,L1_number_inpatient=no_prev_inpt|L2_number_emergency=one_prev_er|L3_discharge_disposition_id=Home,,,,,,,4,0.11888111888111888
L1_number_inpatient=no_prev_inpt|L2_number_emergency=multi_prev_er,L2,L1_number_inpatient=no_prev_inpt,173,153,0.1676300578034682,0.17647058823529413,0.4,0.2,0.5882352941176471,0.0,0.0,0.0,1.0,0.0,True,153,534,0.17415730337078653,0.0,0.5426219870664315,f1_regret_bnd,-1.0882352941176472,-0.39774168821163564,-0.6904936059060116,True,ROOT,,,,,,,4,0.17415730337078653
L1_number_inpatient=no_prev_inpt|L2_number_emergency=no_prev_er|L3_discharge_disposition_id=SNF_Rehab,L3,L1_number_inpatient=no_prev_inpt|L2_number_emergency=no_prev_er,281,152,0.10320284697508897,0.1118421052631579,0.6,0.2,0.41118421052631576,0.2,0.6666666666666666,0.11764705882352941,0.34210526315789475,0.019736842105263157,True,152,433,0.10623556581986143,0.3884531590413943,0.6501089324618736,f1_regret_bnd,-0.3822368421052631,-0.35140028800478124,-0.03083655410048186,True,L1_number_inpatient=no_prev_inpt|L2_number_emergency=no_prev_er,L1_number_inpatient=no_prev_inpt|L2_number_emergency=no_prev_er,,,,,,4,0.10623556581986143
L1_number_inpatient=many_prev_inpt|L2_number_emergency=multi_prev_er,L2,L1_number_inpatient=many_prev_inpt,141,129,0.3546099290780142,0.3643410852713178,0.2,0.1,0.5968992248062015,0.5542168674698795,0.3865546218487395,0.9787234042553191,0.05426356589147287,0.9224806201550387,False,129,431,0.35962877030162416,0.5076543850544888,0.5467047223663726,f1_regret_bnd,-0.0698141402820584,-0.30294117647058827,0.23312703618852987,False,L1_number_inpatient=many_prev_inpt|L2_number_emergency=multi_prev_er,,,,,,,4,0.35962877030162416
L1_number_inpatient=few_prev_inpt|L2_number_emergency=one_prev_er,L2,L1_number_inpatient=few_prev_inpt,284,109,0.17253521126760563,0.1834862385321101,0.4,0.1,0.5458715596330275,0.0,0.0,0.0,0.908256880733945,0.0,False,109,393,0.17557251908396945,0.056179775280898875,0.5842696629213483,f1_regret_bnd,-1.0,-1.0215874108491558,0.02158741084915583,False,L1_number_inpatient=few_prev_inpt|L2_number_emergency=one_prev_er,,,,,,,4,0.17557251908396945
L1_number_inpatient=few_prev_inpt|L2_number_emergency=multi_prev_er,L2,L1_number_inpatient=few_prev_inpt,274,108,0.2116788321167883,0.23148148148148148,0.4,0.2,0.6157407407407407,0.0,0.0,0.0,1.0,0.0,True,108,382,0.21727748691099477,0.0,0.5571084337349398,f1_regret_bnd,-1.1157407407407407,-1.0215874108491558,-0.09415332989158487,True,ROOT,,,,,,,4,0.21727748691099477
L1_number_inpatient=no_prev_inpt|L2_number_emergency=one_prev_er|L3_discharge_disposition_id=Transfer,L3,L1_number_inpatient=no_prev_inpt|L2_number_emergency=one_prev_er,268,105,0.15671641791044777,0.17142857142857143,0.4,0.2,0.5571428571428572,0.09999999999999999,0.5,0.05555555555555555,0.8666666666666667,0.01904761904761905,True,105,373,0.16085790884718498,0.09099616858237548,0.46807151979565775,f1_regret_bnd,-0.8904761904761905,-0.7487102150964362,-0.14176597537975433,True,ROOT,,,,,,,4,0.16085790884718498
L1_number_inpatient=no_prev_inpt|L2_number_emergency=multi_prev_er|L3_discharge_disposition_id=Home,L3,L1_number_inpatient=no_prev_inpt|L2_number_emergency=multi_prev_er,260,107,0.16153846153846155,0.17757009345794392,0.4,0.2,0.5887850467289719,0.0,0.0,0.0,1.0,0.0,True,107,367,0.16621253405994552,0.0,0.4976076555023923,f1_regret_bnd,-1.088785046728972,-1.0882352941176472,-0.0005497526113247275,True,ROOT,,,,,,,4,0.16621253405994552
L1_number_inpatient=many_prev_inpt|L2_number_emergency=multi_prev_er|L3_discharge_disposition_id=Home,L3,L1_number_inpatient=many_prev_inpt|L2_number_emergency=multi_prev_er,201,87,0.3781094527363184,0.3563218390804598,0.2,0.1,0.6206896551724138,0.375,0.5294117647058824,0.2903225806451613,0.8045977011494253,0.19540229885057472,True,87,288,0.3715277777777778,0.14516129032258066,0.5679723502304148,f1_regret_bnd,-0.6479885057471264,-0.0698141402820584,-0.578174365465068,True,L1_number_inpatient=many_prev_inpt|L2_number_emergency=multi_prev_er,L1_number_inpatient=many_prev_inpt|L2_number_emergency=multi_prev_er,,,,,,4,0.3715277777777778
L1_number_inpatient=many_prev_inpt|L2_number_emergency=no_prev_er|L3_discharge_disposition_id=others,L3,L1_number_inpatient=many_prev_inpt|L2_number_emergency=no_prev_er,167,86,0.25748502994011974,0.19767441860465115,0.3,0.1,,,,,,,True,0,253,0.23715415019762845,,,f1_regret_bnd,,-0.7857789855072463,,True,L1_number_inpatient=many_prev_inpt,L1_number_inpatient=many_prev_inpt,,,,,,4,0.23715415019762845
L1_number_inpatient=many_prev_inpt|L2_number_emergency=one_prev_er,L2,L1_number_inpatient=many_prev_inpt,176,72,0.375,0.4305555555555556,0.3,0.1,,,,,,,True,0,248,0.3911290322580645,,,f1_regret_bnd,,-0.30294117647058827,,True,L1_number_inpatient=many_prev_inpt,L1_number_inpatient=many_prev_inpt,,,,,,4,0.3911290322580645
L1_number_inpatient=few_prev_inpt|L2_number_emergency=multi_prev_er|L3_discharge_disposition_id=Home,L3,L1_number_inpatient=few_prev_inpt|L2_number_emergency=multi_prev_er,173,65,0.2254335260115607,0.27692307692307694,0.4,0.2,,,,,,,True,0,238,0.23949579831932774,,,f1_regret_bnd,,-1.1157407407407407,,True,ROOT,,,,,,,4,0.23949579831932774
L1_number_inpatient=few_prev_inpt|L2_number_emergency=no_prev_er|L3_discharge_disposition_id=Expired,L3,L1_number_inpatient=few_prev_inpt|L2_number_emergency=no_prev_er,151,61,0.0,0.0,0.4,0.1,,,,,,,True,0,212,0.0,,,f1_regret_bnd,,-0.8709090909090909,,True,L1_number_inpatient=few_prev_inpt|L2_number_emergency=no_prev_er,L1_number_inpatient=few_prev_inpt|L2_number_emergency=no_prev_er,,,,,,4,0.0
L1_number_inpatient=no_prev_inpt|L2_number_emergency=multi_prev_er|L3_discharge_disposition_id=others,L3,L1_number_inpatient=no_prev_inpt|L2_number_emergency=multi_prev_er,121,46,0.19834710743801653,0.17391304347826086,0.4,0.2,,,,,,,True,0,167,0.19161676646706588,,,f1_regret_bnd,,-1.0882352941176472,,True,ROOT,,,,,,,4,0.19161676646706588
L1_number_inpatient=few_prev_inpt|L2_number_emergency=multi_prev_er|L3_discharge_disposition_id=others,L3,L1_number_inpatient=few_prev_inpt|L2_number_emergency=multi_prev_er,101,43,0.18811881188118812,0.16279069767441862,0.4,0.2,,,,,,,True,0,144,0.18055555555555555,,,f1_regret_bnd,,-1.1157407407407407,,True,ROOT,,,,,,,4,0.18055555555555555
L1_number_inpatient=many_prev_inpt|L2_number_emergency=multi_prev_er|L3_discharge_disposition_id=others,L3,L1_number_inpatient=many_prev_inpt|L2_number_emergency=multi_prev_er,101,42,0.31683168316831684,0.38095238095238093,0.2,0.1,,,,,,,True,0,143,0.3356643356643357,,,f1_regret_bnd,,-0.0698141402820584,,True,L1_number_inpatient=many_prev_inpt|L2_number_emergency=multi_prev_er,L1_number_inpatient=many_prev_inpt|L2_number_emergency=multi_prev_er,,,,,,4,0.3356643356643357
L1_number_inpatient=few_prev_inpt|L2_number_emergency=no_prev_er|L3_discharge_disposition_id=others,L3,L1_number_inpatient=few_prev_inpt|L2_number_emergency=no_prev_er,49,22,0.22448979591836735,0.09090909090909091,0.4,0.1,,,,,,,True,0,71,0.18309859154929578,,,f1_regret_bnd,,-0.8709090909090909,,True,L1_number_inpatient=few_prev_inpt|L2_number_emergency=no_prev_er,L1_number_inpatient=few_prev_inpt|L2_number_emergency=no_prev_er,,,,,,4,0.18309859154929578
L1_number_inpatient=no_prev_inpt|L2_number_emergency=one_prev_er|L3_discharge_disposition_id=others,L3,L1_number_inpatient=no_prev_inpt|L2_number_emergency=one_prev_er,49,22,0.08163265306122448,0.13636363636363635,0.4,0.2,,,,,,,True,0,71,0.09859154929577464,,,f1_regret_bnd,,-0.7487102150964362,,True,ROOT,,,,,,,4,0.09859154929577464
ROOT,L1,,11396,4883,0.10626535626535627,0.1169363096457096,0.4,0.1,0.4036453000204792,0.08988764044943821,0.5384615384615384,0.04903677758318739,0.43252099119393816,0.010649191071062871,False,4883,81413,0.11159151486863278,0.31927720140754917,0.6968148189063876,f1_regret_bnd,-0.5300181551680101,-0.4011013756960367,-0.1289167794719734,True,ROOT,,,,,,,5,0.11159151486863278
L1_number_inpatient=no_prev_inpt,L1,ROOT,9771,4298,0.09405383277044314,0.0965565379246161,0.4,0.2,0.3677291763610982,0.03286384976525822,0.6363636363636364,0.016867469879518072,0.034434620753839,0.0025593299208934387,False,4298,69712,0.09424489327518935,0.49362559690215924,0.6540415589734679,f1_regret_bnd,-0.3520826369727595,-0.5300181551680101,0.1779355181952506,False,L1_number_inpatient=no_prev_inpt,,,,,,,5,0.09424489327518935
L1_number_inpatient=no_prev_inpt|L2_number_emergency=no_prev_er,L2,L1_number_inpatient=no_prev_inpt,9556,4191,0.093658434491419,0.09472679551419709,0.4,0.2,0.3645907897876402,0.019656019656019656,0.4,0.010075566750629723,0.031257456454306845,0.0023860653781913625,True,4191,68189,0.0932995057853906,0.4913319320310871,0.6458613560586848,f1_regret_bnd,-0.360563498358774,-0.3520826369727595,-0.008480861386014504,True,L1_number_inpatient=no_prev_inpt,L1_number_inpatient=no_prev_inpt,,,,,,5,0.0932995057853906
L1_number_inpatient=no_prev_inpt|L2_number_emergency=no_prev_er|L3_discharge_disposition_id=Home,L3,L1_number_inpatient=no_prev_inpt|L2_number_emergency=no_prev_er,28955,12399,0.07632533241236401,0.07194128558754738,0.5,0.4,0.2875231873538189,0.0,0.0,0.0,8.065166545689168e-05,0.0,False,12399,41354,0.07501088165594622,0.5,0.5986484245697978,f1_regret_bnd,-0.2875635131865473,-0.360563498358774,0.07299998517222667,False,L1_number_inpatient=no_prev_inpt|L2_number_emergency=no_prev_er|L3_discharge_disposition_id=Home,,,,,,,5,0.07501088165594622
L1_number_inpatient=no_prev_inpt|L2_number_emergency=no_prev_er|L3_discharge_disposition_id=Transfer,L3,L1_number_inpatient=no_prev_inpt|L2_number_emergency=no_prev_er,13901,5975,0.12020717933961586,0.13071129707112972,0.4,0.2,0.4980753138075314,0.017587939698492466,0.4666666666666667,0.008962868117797696,0.6319665271966527,0.002510460251046025,True,5975,19876,0.12336486214530086,0.1956635672895496,0.6058374259277794,f1_regret_bnd,-0.7964706377073653,-0.360563498358774,-0.43590713934859127,True,L1_number_inpatient=no_prev_inpt,L1_number_inpatient=no_prev_inpt,,,,,,5,0.12336486214530086
L1_number_inpatient=few_prev_inpt,L1,ROOT,1226,714,0.1933115823817292,0.20728291316526612,0.4,0.1,0.5952380952380952,0.0,0.0,0.0,0.9537815126050421,0.0,True,714,8810,0.18229284903518728,0.026501766784452298,0.5522753318689715,f1_regret_bnd,-1.0721288515406162,-0.5300181551680101,-0.5421106963726061,True,ROOT,,,,,,,5,0.18229284903518728
L1_number_inpatient=few_prev_inpt|L2_number_emergency=no_prev_er,L2,L1_number_inpatient=few_prev_inpt,1261,723,0.16019032513877876,0.19778699861687413,0.7,0.1,0.5470262793914247,0.0,0.0,0.0,0.8672199170124482,0.0,False,723,8075,0.1806811145510836,0.08017241379310344,0.5878345792138896,f1_regret_bnd,-0.9806362378976488,-1.0721288515406162,0.09149261364296746,False,L1_number_inpatient=few_prev_inpt|L2_number_emergency=no_prev_er,,,,,,,5,0.1806811145510836
L1_number_inpatient=no_prev_inpt|L2_number_emergency=no_prev_er|L3_discharge_disposition_id=OtherDisp,L3,L1_number_inpatient=no_prev_inpt|L2_number_emergency=no_prev_er,3921,1605,0.1418005610813568,0.1264797507788162,0.4,0.2,0.37009345794392523,0.2063492063492064,0.5306122448979592,0.12807881773399016,0.17383177570093458,0.030529595015576325,False,1605,5526,0.13735070575461455,0.4845101649297625,0.7682093842013169,f1_regret_bnd,-0.2506601394451861,-0.360563498358774,0.10990335891358788,False,L1_number_inpatient=no_prev_inpt|L2_number_emergency=no_prev_er|L3_discharge_disposition_id=OtherDisp,,,,,,,5,0.13735070575461455
L1_number_inpatient=few_prev_inpt|L2_number_emergency=no_prev_er|L3_discharge_disposition_id=Home,L3,L1_number_inpatient=few_prev_inpt|L2_number_emergency=no_prev_er,2761,1229,0.16588192683810213,0.17493897477624085,0.7,0.1,0.5842148087876322,0.0,0.0,0.0,0.9707078925956062,0.0,True,1229,3990,0.168671679197995,0.015779092702169626,0.5475253428741802,f1_regret_bnd,-1.0695687550854354,-0.9806362378976488,-0.08893251718778661,True,L1_number_inpatient=few_prev_inpt|L2_number_emergency=no_prev_er,L1_number_inpatient=few_prev_inpt|L2_number_emergency=no_prev_er,,,,,,5,0.168671679197995
L1_number_inpatient=few_prev_inpt|L2_number_emergency=no_prev_er|L3_discharge_disposition_id=Transfer,L3,L1_number_inpatient=few_prev_inpt|L2_number_emergency=no_prev_er,2147,933,0.19748486259897532,0.19614147909967847,0.7,0.1,0.5959271168274384,0.03125,0.3333333333333333,0.01639344262295082,0.9785637727759914,0.00964630225080386,True,933,3080,0.19707792207792207,0.014863387978142076,0.5506812386156649,f1_regret_bnd,-1.053959003215434,-0.9806362378976488,-0.07332276531778525,True,L1_number_inpatient=few_prev_inpt|L2_number_emergency=no_prev_er,L1_number_inpatient=few_prev_inpt|L2_number_emergency=no_prev_er,,,,,,5,0.19707792207792207
L1_number_inpatient=many_prev_inpt,L1,ROOT,541,331,0.32532347504621073,0.3081570996978852,0.4,0.1,0.5725075528700906,0.494949494949495,0.5104166666666666,0.4803921568627451,0.7009063444108762,0.29003021148036257,False,331,2891,0.31442407471463163,0.2467462967719839,0.6251391386248822,f1_regret_bnd,-0.4280112301260337,-0.5300181551680101,0.10200692504197639,False,L1_number_inpatient=many_prev_inpt,,,,,,,5,0.31442407471463163
L1_number_inpatient=many_prev_inpt|L2_number_emergency=no_prev_er,L2,L1_number_inpatient=many_prev_inpt,435,211,0.28735632183908044,0.3080568720379147,0.3,0.1,0.5639810426540285,0.5390070921985816,0.5,0.5846153846153846,0.5734597156398105,0.36018957345971564,False,211,2217,0.2895805142083897,0.3334035827186512,0.6952581664910432,f1_regret_bnd,-0.31170380827535216,-0.4280112301260337,0.11630742185068155,False,L1_number_inpatient=many_prev_inpt|L2_number_emergency=no_prev_er,,,,,,,5,0.2895805142083897
L1_number_inpatient=many_prev_inpt|L2_number_emergency=no_prev_er|L3_discharge_disposition_id=Home,L3,L1_number_inpatient=many_prev_inpt|L2_number_emergency=no_prev_er,764,363,0.3023560209424084,0.2809917355371901,0.3,0.1,0.6129476584022039,0.2972972972972973,0.4782608695652174,0.21568627450980393,0.8732782369146006,0.12672176308539945,True,363,1127,0.29547471162378,0.10784313725490197,0.6115994290436482,f1_regret_bnd,-0.7522894795622068,-0.31170380827535216,-0.44058567128685466,True,L1_number_inpatient=many_prev_inpt|L2_number_emergency=no_prev_er,L1_number_inpatient=many_prev_inpt|L2_number_emergency=no_prev_er,,,,,,5,0.29547471162378
L1_number_inpatient=no_prev_inpt|L2_number_emergency=no_prev_er|L3_discharge_disposition_id=Expired,L3,L1_number_inpatient=no_prev_inpt|L2_number_emergency=no_prev_er,717,287,0.0,0.0,0.4,0.2,,,,,,,True,0,1004,0.0,,,f1_regret_bnd,,-0.360563498358774,,True,L1_number_inpatient=no_prev_inpt,L1_number_inpatient=no_prev_inpt,,,,,,5,0.0
L1_number_inpatient=no_prev_inpt|L2_number_emergency=one_prev_er,L2,L1_number_inpatient=no_prev_inpt,184,282,0.125,0.1276595744680851,0.4,0.2,0.5070921985815603,0.0,0.0,0.0,0.6134751773049646,0.0,True,282,1000,0.121,0.1991869918699187,0.5619918699186992,f1_regret_bnd,-0.8138297872340425,-0.3520826369727595,-0.46174715026128305,True,L1_number_inpatient=no_prev_inpt,L1_number_inpatient=no_prev_inpt,,,,,,5,0.121
L1_number_inpatient=many_prev_inpt|L2_number_emergency=no_prev_er|L3_discharge_disposition_id=Transfer,L3,L1_number_inpatient=many_prev_inpt|L2_number_emergency=no_prev_er,577,257,0.28596187175043325,0.2918287937743191,0.3,0.1,0.5778210116731517,0.4462809917355372,0.5869565217391305,0.36,0.8210116731517509,0.17898832684824903,True,257,834,0.28776978417266186,0.18,0.6152380952380951,f1_regret_bnd,-0.54204585651349,-0.31170380827535216,-0.23034204823813786,True,L1_number_inpatient=many_prev_inpt|L2_number_emergency=no_prev_er,L1_number_inpatient=many_prev_inpt|L2_number_emergency=no_prev_er,,,,,,5,0.28776978417266186
L1_number_inpatient=few_prev_inpt|L2_number_emergency=no_prev_er|L3_discharge_disposition_id=OtherDisp,L3,L1_number_inpatient=few_prev_inpt|L2_number_emergency=no_prev_er,541,199,0.21811460258780038,0.24120603015075376,0.3,0.1,0.6130653266331658,0.3095238095238095,0.3611111111111111,0.2708333333333333,0.7487437185929648,0.18090452261306533,False,199,740,0.22432432432432434,0.175151766004415,0.5733995584988962,f1_regret_bnd,-0.6779133764058387,-0.9806362378976488,0.30272286149181005,False,L1_number_inpatient=few_prev_inpt|L2_number_emergency=no_prev_er|L3_discharge_disposition_id=OtherDisp,,,,,,,5,0.22432432432432434
L1_number_inpatient=no_prev_inpt|L2_number_emergency=one_prev_er|L3_discharge_disposition_id=Home,L3,L1_number_inpatient=no_prev_inpt|L2_number_emergency=one_prev_er,403,163,0.10173697270471464,0.1165644171779141,0.4,0.2,0.450920245398773,0.0,0.0,0.0,0.012269938650306749,0.0,False,163,566,0.10600706713780919,0.4965277777777778,0.5745614035087718,f1_regret_bnd,-0.4570552147239264,-0.8138297872340425,0.35677457251011613,False,L1_number_inpatient=no_prev_inpt|L2_number_emergency=one_prev_er|L3_discharge_disposition_id=Home,,,,,,,5,0.10600706713780919
L1_number_inpatient=no_prev_inpt|L2_number_emergency=multi_prev_er,L2,L1_number_inpatient=no_prev_inpt,171,161,0.18128654970760233,0.16149068322981366,0.4,0.2,0.577639751552795,0.07142857142857144,0.5,0.038461538461538464,0.9875776397515528,0.012422360248447204,True,161,523,0.16634799235181644,0.019230769230769232,0.5606837606837607,f1_regret_bnd,-1.0,-0.3520826369727595,-0.6479173630272406,True,L1_number_inpatient=no_prev_inpt,L1_number_inpatient=no_prev_inpt,,,,,,5,0.16634799235181644
L1_number_inpatient=no_prev_inpt|L2_number_emergency=no_prev_er|L3_discharge_disposition_id=SNF_Rehab,L3,L1_number_inpatient=no_prev_inpt|L2_number_emergency=no_prev_er,290,139,0.11724137931034483,0.1079136690647482,0.4,0.2,0.39568345323741005,0.0,0.0,0.0,0.02877697841726619,0.0,True,139,429,0.11421911421911422,0.49193548387096775,0.639247311827957,f1_regret_bnd,-0.41007194244604317,-0.360563498358774,-0.04950844408726918,True,L1_number_inpatient=no_prev_inpt,L1_number_inpatient=no_prev_inpt,,,,,,5,0.11421911421911422
L1_number_inpatient=many_prev_inpt|L2_number_emergency=multi_prev_er,L2,L1_number_inpatient=many_prev_inpt,134,114,0.3283582089552239,0.3333333333333333,0.4,0.2,0.5877192982456141,0.5,0.42592592592592593,0.6052631578947368,0.5,0.47368421052631576,False,114,419,0.3818615751789976,0.3223684210526316,0.5820637119113573,f1_regret_bnd,-0.3377192982456141,-0.4280112301260337,0.09029193188041962,False,L1_number_inpatient=many_prev_inpt|L2_number_emergency=multi_prev_er,,,,,,,5,0.3818615751789976
L1_number_inpatient=few_prev_inpt|L2_number_emergency=one_prev_er,L2,L1_number_inpatient=few_prev_inpt,250,118,0.156,0.2542372881355932,0.4,0.1,0.6059322033898306,0.0,0.0,0.0,0.9576271186440678,0.0,True,118,368,0.1875,0.028409090909090908,0.5034090909090909,f1_regret_bnd,-1.0847457627118644,-1.0721288515406162,-0.01261691117124819,True,ROOT,,,,,,,5,0.1875
L1_number_inpatient=few_prev_inpt|L2_number_emergency=multi_prev_er,L2,L1_number_inpatient=few_prev_inpt,261,106,0.21839080459770116,0.19811320754716982,0.3,0.1,0.589622641509434,0.25,0.36363636363636365,0.19047619047619047,0.8867924528301887,0.10377358490566038,False,106,367,0.2125340599455041,0.10112044817927171,0.5277310924369748,f1_regret_bnd,-0.7830188679245284,-1.0721288515406162,0.28910998361608786,False,L1_number_inpatient=few_prev_inpt|L2_number_emergency=multi_prev_er,,,,,,,5,0.2125340599455041
L1_number_inpatient=no_prev_inpt|L2_number_emergency=one_prev_er|L3_discharge_disposition_id=Transfer,L3,L1_number_inpatient=no_prev_inpt|L2_number_emergency=one_prev_er,263,92,0.1444866920152091,0.16304347826086957,0.4,0.2,0.5815217391304348,0.0,0.0,0.0,1.0,0.0,True,92,355,0.14929577464788732,0.0,0.5411255411255411,f1_regret_bnd,-1.0815217391304348,-0.8138297872340425,-0.2676919518963923,True,L1_number_inpatient=no_prev_inpt,L1_number_inpatient=no_prev_inpt,,,,,,5,0.14929577464788732
L1_number_inpatient=no_prev_inpt|L2_number_emergency=multi_prev_er|L3_discharge_disposition_id=Home,L3,L1_number_inpatient=no_prev_inpt|L2_number_emergency=multi_prev_er,238,114,0.15126050420168066,0.17543859649122806,0.3,0.1,0.5657894736842105,0.0,0.0,0.0,0.7105263157894737,0.0,False,114,352,0.1590909090909091,0.15425531914893617,0.5973404255319149,f1_regret_bnd,-0.9210526315789473,-1.0,0.07894736842105265,False,L1_number_inpatient=no_prev_inpt|L2_number_emergency=multi_prev_er|L3_discharge_disposition_id=Home,,,,,,,5,0.1590909090909091
L1_number_inpatient=many_prev_inpt|L2_number_emergency=multi_prev_er|L3_discharge_disposition_id=Home,L3,L1_number_inpatient=many_prev_inpt|L2_number_emergency=multi_prev_er,213,78,0.4507042253521127,0.2948717948717949,0.4,0.2,,,,,,,True,0,291,0.40893470790378006,,,f1_regret_bnd,,-0.3377192982456141,,True,L1_number_inpatient=many_prev_inpt|L2_number_emergency=multi_prev_er,L1_number_inpatient=many_prev_inpt|L2_number_emergency=multi_prev_er,,,,,,5,0.40893470790378006
L1_number_inpatient=many_prev_inpt|L2_number_emergency=no_prev_er|L3_discharge_disposition_id=others,L3,L1_number_inpatient=many_prev_inpt|L2_number_emergency=no_prev_er,168,88,0.27380952380952384,0.26136363636363635,0.3,0.1,,,,,,,True,0,256,0.26953125,,,f1_regret_bnd,,-0.31170380827535216,,True,L1_number_inpatient=many_prev_inpt|L2_number_emergency=no_prev_er,L1_number_inpatient=many_prev_inpt|L2_number_emergency=no_prev_er,,,,,,5,0.26953125
L1_number_inpatient=many_prev_inpt|L2_number_emergency=one_prev_er,L2,L1_number_inpatient=many_prev_inpt,179,76,0.4134078212290503,0.4342105263157895,0.4,0.1,,,,,,,True,0,255,0.4196078431372549,,,f1_regret_bnd,,-0.4280112301260337,,True,L1_number_inpatient=many_prev_inpt,L1_number_inpatient=many_prev_inpt,,,,,,5,0.4196078431372549
L1_number_inpatient=few_prev_inpt|L2_number_emergency=multi_prev_er|L3_discharge_disposition_id=Home,L3,L1_number_inpatient=few_prev_inpt|L2_number_emergency=multi_prev_er,168,72,0.2619047619047619,0.2361111111111111,0.3,0.1,,,,,,,True,0,240,0.25416666666666665,,,f1_regret_bnd,,-0.7830188679245284,,True,L1_number_inpatient=few_prev_inpt|L2_number_emergency=multi_prev_er,L1_number_inpatient=few_prev_inpt|L2_number_emergency=multi_prev_er,,,,,,5,0.25416666666666665
L1_number_inpatient=few_prev_inpt|L2_number_emergency=no_prev_er|L3_discharge_disposition_id=Expired,L3,L1_number_inpatient=few_prev_inpt|L2_number_emergency=no_prev_er,128,72,0.0,0.0,0.7,0.1,,,,,,,True,0,200,0.0,,,f1_regret_bnd,,-0.9806362378976488,,True,L1_number_inpatient=few_prev_inpt|L2_number_emergency=no_prev_er,L1_number_inpatient=few_prev_inpt|L2_number_emergency=no_prev_er,,,,,,5,0.0
L1_number_inpatient=no_prev_inpt|L2_number_emergency=multi_prev_er|L3_discharge_disposition_id=others,L3,L1_number_inpatient=no_prev_inpt|L2_number_emergency=multi_prev_er,124,47,0.20161290322580644,0.1276595744680851,0.4,0.2,,,,,,,True,0,171,0.18128654970760233,,,f1_regret_bnd,,-1.0,,True,L1_number_inpatient=no_prev_inpt,L1_number_inpatient=no_prev_inpt,,,,,,5,0.18128654970760233
L1_number_inpatient=many_prev_inpt|L2_number_emergency=multi_prev_er|L3_discharge_disposition_id=others,L3,L1_number_inpatient=many_prev_inpt|L2_number_emergency=multi_prev_er,92,36,0.2826086956521739,0.4166666666666667,0.4,0.2,,,,,,,True,0,128,0.3203125,,,f1_regret_bnd,,-0.3377192982456141,,True,L1_number_inpatient=many_prev_inpt|L2_number_emergency=multi_prev_er,L1_number_inpatient=many_prev_inpt|L2_number_emergency=multi_prev_er,,,,,,5,0.3203125
L1_number_inpatient=few_prev_inpt|L2_number_emergency=multi_prev_er|L3_discharge_disposition_id=others,L3,L1_number_inpatient=few_prev_inpt|L2_number_emergency=multi_prev_er,93,34,0.13978494623655913,0.11764705882352941,0.3,0.1,,,,,,,True,0,127,0.13385826771653545,,,f1_regret_bnd,,-0.7830188679245284,,True,L1_number_inpatient=few_prev_inpt|L2_number_emergency=multi_prev_er,L1_number_inpatient=few_prev_inpt|L2_number_emergency=multi_prev_er,,,,,,5,0.13385826771653545
L1_number_inpatient=no_prev_inpt|L2_number_emergency=one_prev_er|L3_discharge_disposition_id=others,L3,L1_number_inpatient=no_prev_inpt|L2_number_emergency=one_prev_er,52,27,0.11538461538461539,0.07407407407407407,0.4,0.2,,,,,,,True,0,79,0.10126582278481013,,,f1_regret_bnd,,-0.8138297872340425,,True,L1_number_inpatient=no_prev_inpt,L1_number_inpatient=no_prev_inpt,,,,,,5,0.10126582278481013
L1_number_inpatient=few_prev_inpt|L2_number_emergency=no_prev_er|L3_discharge_disposition_id=others,L3,L1_number_inpatient=few_prev_inpt|L2_number_emergency=no_prev_er,44,21,0.18181818181818182,0.23809523809523808,0.7,0.1,,,,,,,True,0,65,0.2,,,f1_regret_bnd,,-0.9806362378976488,,True,L1_number_inpatient=few_prev_inpt|L2_number_emergency=no_prev_er,L1_number_inpatient=few_prev_inpt|L2_number_emergency=no_prev_er,,,,,,5,0.2
