bucket_id,level,assigned_samples,used_local_decision,fallback_to_parent,fallback_from_children,parent_id,is_weak,effective_bucket_id
L1_Location=Adelaide|L2_RainToday=others,2,70,0,70,0,L1_Location=Adelaide,True,ROOT
ROOT,0,0,20435,0,20435,ROOT,False,ROOT
L1_Location=Adelaide|L2_RainToday=rain_today_no|L3_Humidity3pm=hum_low,3,1210,0,1210,0,L1_Location=Adelaide|L2_RainToday=rain_today_no,True,L1_Location=Adelaide|L2_RainToday=rain_today_no
L1_Location=Adelaide|L2_RainToday=rain_today_no,2,0,2344,0,2344,L1_Location=Adelaide,False,L1_Location=Adelaide|L2_RainToday=rain_today_no
L1_Location=Adelaide|L2_RainToday=rain_today_no|L3_Humidity3pm=hum_mid,3,1019,0,1019,0,L1_Location=Adelaide|L2_RainToday=rain_today_no,True,L1_Location=Adelaide|L2_RainToday=rain_today_no
L1_Location=Adelaide|L2_RainToday=rain_today_no|L3_Humidity3pm=others,3,115,0,115,0,L1_Location=Adelaide|L2_RainToday=rain_today_no,True,L1_Location=Adelaide|L2_RainToday=rain_today_no
L1_Location=Adelaide|L2_RainToday=rain_today_yes|L3_Humidity3pm=hum_mid,3,446,0,446,0,L1_Location=Adelaide|L2_RainToday=rain_today_yes,True,L1_Location=Adelaide|L2_RainToday=rain_today_yes
L1_Location=Adelaide|L2_RainToday=rain_today_yes,2,0,676,0,676,L1_Location=Adelaide,False,L1_Location=Adelaide|L2_RainToday=rain_today_yes
L1_Location=Adelaide|L2_RainToday=rain_today_yes|L3_Humidity3pm=others,3,230,0,230,0,L1_Location=Adelaide|L2_RainToday=rain_today_yes,True,L1_Location=Adelaide|L2_RainToday=rain_today_yes
L1_Location=Albany|L2_RainToday=others,2,20,0,20,0,L1_Location=Albany,True,ROOT
L1_Location=Albany|L2_RainToday=rain_today_no|L3_Humidity3pm=hum_high,3,588,588,0,0,L1_Location=Albany|L2_RainToday=rain_today_no,False,L1_Location=Albany|L2_RainToday=rain_today_no|L3_Humidity3pm=hum_high
L1_Location=Albany|L2_RainToday=rain_today_no|L3_Humidity3pm=hum_mid,3,988,0,988,0,L1_Location=Albany|L2_RainToday=rain_today_no,True,L1_Location=Albany|L2_RainToday=rain_today_no
L1_Location=Albany|L2_RainToday=rain_today_no,2,0,1515,0,1515,L1_Location=Albany,False,L1_Location=Albany|L2_RainToday=rain_today_no
L1_Location=Albany|L2_RainToday=rain_today_no|L3_Humidity3pm=others,3,46,0,46,0,L1_Location=Albany|L2_RainToday=rain_today_no,True,L1_Location=Albany|L2_RainToday=rain_today_no
L1_Location=Albany|L2_RainToday=rain_today_no|L3_Humidity3pm=unknown,3,481,0,481,0,L1_Location=Albany|L2_RainToday=rain_today_no,True,L1_Location=Albany|L2_RainToday=rain_today_no
L1_Location=Albany|L2_RainToday=rain_today_yes|L3_Humidity3pm=hum_high,3,312,312,0,0,L1_Location=Albany|L2_RainToday=rain_today_yes,False,L1_Location=Albany|L2_RainToday=rain_today_yes|L3_Humidity3pm=hum_high
L1_Location=Albany|L2_RainToday=rain_today_yes|L3_Humidity3pm=hum_mid,3,379,0,379,0,L1_Location=Albany|L2_RainToday=rain_today_yes,True,L1_Location=Albany|L2_RainToday=rain_today_yes
L1_Location=Albany|L2_RainToday=rain_today_yes,2,0,581,0,581,L1_Location=Albany,False,L1_Location=Albany|L2_RainToday=rain_today_yes
L1_Location=Albany|L2_RainToday=rain_today_yes|L3_Humidity3pm=others,3,202,0,202,0,L1_Location=Albany|L2_RainToday=rain_today_yes,True,L1_Location=Albany|L2_RainToday=rain_today_yes
L1_Location=Albury|L2_RainToday=others,2,20,0,20,0,L1_Location=Albury,True,L1_Location=Albury
L1_Location=Albury,1,0,2396,0,2396,ROOT,False,L1_Location=Albury
L1_Location=Albury|L2_RainToday=rain_today_no|L3_Humidity3pm=hum_low,3,1076,0,1076,0,L1_Location=Albury|L2_RainToday=rain_today_no,True,L1_Location=Albury
L1_Location=Albury|L2_RainToday=rain_today_no|L3_Humidity3pm=hum_mid,3,1103,0,1103,0,L1_Location=Albury|L2_RainToday=rain_today_no,True,L1_Location=Albury
L1_Location=Albury|L2_RainToday=rain_today_no|L3_Humidity3pm=others,3,197,0,197,0,L1_Location=Albury|L2_RainToday=rain_today_no,True,L1_Location=Albury
L1_Location=Albury|L2_RainToday=rain_today_yes|L3_Humidity3pm=hum_mid,3,328,0,328,0,L1_Location=Albury|L2_RainToday=rain_today_yes,True,L1_Location=Albury|L2_RainToday=rain_today_yes
L1_Location=Albury|L2_RainToday=rain_today_yes,2,0,615,0,615,L1_Location=Albury,False,L1_Location=Albury|L2_RainToday=rain_today_yes
L1_Location=Albury|L2_RainToday=rain_today_yes|L3_Humidity3pm=others,3,287,0,287,0,L1_Location=Albury|L2_RainToday=rain_today_yes,True,L1_Location=Albury|L2_RainToday=rain_today_yes
L1_Location=AliceSprings|L2_RainToday=others,2,247,0,247,0,L1_Location=AliceSprings,True,L1_Location=AliceSprings
L1_Location=AliceSprings,1,0,3031,0,3031,ROOT,False,L1_Location=AliceSprings
L1_Location=AliceSprings|L2_RainToday=rain_today_no|L3_Humidity3pm=hum_low,3,2587,0,2587,0,L1_Location=AliceSprings|L2_RainToday=rain_today_no,True,L1_Location=AliceSprings
L1_Location=AliceSprings|L2_RainToday=rain_today_no|L3_Humidity3pm=others,3,197,0,197,0,L1_Location=AliceSprings|L2_RainToday=rain_today_no,True,L1_Location=AliceSprings
L1_Location=BadgerysCreek|L2_RainToday=others,2,51,0,51,0,L1_Location=BadgerysCreek,True,ROOT
L1_Location=BadgerysCreek|L2_RainToday=rain_today_no|L3_Humidity3pm=hum_low,3,751,0,751,0,L1_Location=BadgerysCreek|L2_RainToday=rain_today_no,True,L1_Location=BadgerysCreek|L2_RainToday=rain_today_no
L1_Location=BadgerysCreek|L2_RainToday=rain_today_no,2,0,2305,0,2305,L1_Location=BadgerysCreek,False,L1_Location=BadgerysCreek|L2_RainToday=rain_today_no
L1_Location=BadgerysCreek|L2_RainToday=rain_today_no|L3_Humidity3pm=hum_mid,3,1339,0,1339,0,L1_Location=BadgerysCreek|L2_RainToday=rain_today_no,True,L1_Location=BadgerysCreek|L2_RainToday=rain_today_no
L1_Location=BadgerysCreek|L2_RainToday=rain_today_no|L3_Humidity3pm=others,3,215,0,215,0,L1_Location=BadgerysCreek|L2_RainToday=rain_today_no,True,L1_Location=BadgerysCreek|L2_RainToday=rain_today_no
L1_Location=BadgerysCreek|L2_RainToday=rain_today_yes|L3_Humidity3pm=hum_mid,3,310,0,310,0,L1_Location=BadgerysCreek|L2_RainToday=rain_today_yes,True,ROOT
L1_Location=BadgerysCreek|L2_RainToday=rain_today_yes|L3_Humidity3pm=others,3,262,0,262,0,L1_Location=BadgerysCreek|L2_RainToday=rain_today_yes,True,ROOT
L1_Location=Ballarat|L2_RainToday=others,2,11,0,11,0,L1_Location=Ballarat,True,L1_Location=Ballarat
L1_Location=Ballarat,1,0,347,0,347,ROOT,False,L1_Location=Ballarat
L1_Location=Ballarat|L2_RainToday=rain_today_no|L3_Humidity3pm=hum_high,3,494,494,0,0,L1_Location=Ballarat|L2_RainToday=rain_today_no,False,L1_Location=Ballarat|L2_RainToday=rain_today_no|L3_Humidity3pm=hum_high
L1_Location=Ballarat|L2_RainToday=rain_today_no|L3_Humidity3pm=hum_low,3,676,0,676,0,L1_Location=Ballarat|L2_RainToday=rain_today_no,True,L1_Location=Ballarat|L2_RainToday=rain_today_no
L1_Location=Ballarat|L2_RainToday=rain_today_no,2,0,1745,0,1745,L1_Location=Ballarat,False,L1_Location=Ballarat|L2_RainToday=rain_today_no
L1_Location=Ballarat|L2_RainToday=rain_today_no|L3_Humidity3pm=hum_mid,3,1065,0,1065,0,L1_Location=Ballarat|L2_RainToday=rain_today_no,True,L1_Location=Ballarat|L2_RainToday=rain_today_no
L1_Location=Ballarat|L2_RainToday=rain_today_no|L3_Humidity3pm=others,3,4,0,4,0,L1_Location=Ballarat|L2_RainToday=rain_today_no,True,L1_Location=Ballarat|L2_RainToday=rain_today_no
L1_Location=Ballarat|L2_RainToday=rain_today_yes|L3_Humidity3pm=hum_high,3,442,442,0,0,L1_Location=Ballarat|L2_RainToday=rain_today_yes,False,L1_Location=Ballarat|L2_RainToday=rain_today_yes|L3_Humidity3pm=hum_high
L1_Location=Ballarat|L2_RainToday=rain_today_yes|L3_Humidity3pm=hum_mid,3,314,0,314,0,L1_Location=Ballarat|L2_RainToday=rain_today_yes,True,L1_Location=Ballarat
L1_Location=Ballarat|L2_RainToday=rain_today_yes|L3_Humidity3pm=others,3,22,0,22,0,L1_Location=Ballarat|L2_RainToday=rain_today_yes,True,L1_Location=Ballarat
L1_Location=Bendigo|L2_RainToday=others,2,4,0,4,0,L1_Location=Bendigo,True,L1_Location=Bendigo
L1_Location=Bendigo,1,0,566,0,566,ROOT,False,L1_Location=Bendigo
L1_Location=Bendigo|L2_RainToday=rain_today_no|L3_Humidity3pm=hum_low,3,1194,0,1194,0,L1_Location=Bendigo|L2_RainToday=rain_today_no,True,L1_Location=Bendigo|L2_RainToday=rain_today_no
L1_Location=Bendigo|L2_RainToday=rain_today_no,2,0,2468,0,2468,L1_Location=Bendigo,False,L1_Location=Bendigo|L2_RainToday=rain_today_no
L1_Location=Bendigo|L2_RainToday=rain_today_no|L3_Humidity3pm=hum_mid,3,1075,0,1075,0,L1_Location=Bendigo|L2_RainToday=rain_today_no,True,L1_Location=Bendigo|L2_RainToday=rain_today_no
L1_Location=Bendigo|L2_RainToday=rain_today_no|L3_Humidity3pm=others,3,199,0,199,0,L1_Location=Bendigo|L2_RainToday=rain_today_no,True,L1_Location=Bendigo|L2_RainToday=rain_today_no
L1_Location=Bendigo|L2_RainToday=rain_today_yes|L3_Humidity3pm=hum_mid,3,309,0,309,0,L1_Location=Bendigo|L2_RainToday=rain_today_yes,True,L1_Location=Bendigo
L1_Location=Bendigo|L2_RainToday=rain_today_yes|L3_Humidity3pm=others,3,253,0,253,0,L1_Location=Bendigo|L2_RainToday=rain_today_yes,True,L1_Location=Bendigo
L1_Location=Brisbane|L2_RainToday=others,2,29,0,29,0,L1_Location=Brisbane,True,L1_Location=Brisbane
L1_Location=Brisbane,1,0,733,0,733,ROOT,False,L1_Location=Brisbane
L1_Location=Brisbane|L2_RainToday=rain_today_no|L3_Humidity3pm=hum_low,3,448,0,448,0,L1_Location=Brisbane|L2_RainToday=rain_today_no,True,L1_Location=Brisbane|L2_RainToday=rain_today_no
L1_Location=Brisbane|L2_RainToday=rain_today_no,2,0,2428,0,2428,L1_Location=Brisbane,False,L1_Location=Brisbane|L2_RainToday=rain_today_no
L1_Location=Brisbane|L2_RainToday=rain_today_no|L3_Humidity3pm=hum_mid,3,1836,0,1836,0,L1_Location=Brisbane|L2_RainToday=rain_today_no,True,L1_Location=Brisbane|L2_RainToday=rain_today_no
L1_Location=Brisbane|L2_RainToday=rain_today_no|L3_Humidity3pm=others,3,144,0,144,0,L1_Location=Brisbane|L2_RainToday=rain_today_no,True,L1_Location=Brisbane|L2_RainToday=rain_today_no
L1_Location=Brisbane|L2_RainToday=rain_today_yes|L3_Humidity3pm=hum_mid,3,435,0,435,0,L1_Location=Brisbane|L2_RainToday=rain_today_yes,True,L1_Location=Brisbane
L1_Location=Brisbane|L2_RainToday=rain_today_yes|L3_Humidity3pm=others,3,269,0,269,0,L1_Location=Brisbane|L2_RainToday=rain_today_yes,True,L1_Location=Brisbane
L1_Location=Cairns|L2_RainToday=others,2,24,0,24,0,L1_Location=Cairns,True,L1_Location=Cairns
L1_Location=Cairns,1,0,24,0,24,ROOT,False,L1_Location=Cairns
L1_Location=Cairns|L2_RainToday=rain_today_no|L3_Humidity3pm=hum_mid,3,1647,0,1647,0,L1_Location=Cairns|L2_RainToday=rain_today_no,True,L1_Location=Cairns|L2_RainToday=rain_today_no
L1_Location=Cairns|L2_RainToday=rain_today_no,2,0,2023,0,2023,L1_Location=Cairns,False,L1_Location=Cairns|L2_RainToday=rain_today_no
L1_Location=Cairns|L2_RainToday=rain_today_no|L3_Humidity3pm=others,3,376,0,376,0,L1_Location=Cairns|L2_RainToday=rain_today_no,True,L1_Location=Cairns|L2_RainToday=rain_today_no
L1_Location=Cairns|L2_RainToday=rain_today_yes|L3_Humidity3pm=hum_high,3,454,454,0,0,L1_Location=Cairns|L2_RainToday=rain_today_yes,False,L1_Location=Cairns|L2_RainToday=rain_today_yes|L3_Humidity3pm=hum_high
L1_Location=Cairns|L2_RainToday=rain_today_yes|L3_Humidity3pm=hum_mid,3,479,0,479,0,L1_Location=Cairns|L2_RainToday=rain_today_yes,True,L1_Location=Cairns|L2_RainToday=rain_today_yes
L1_Location=Cairns|L2_RainToday=rain_today_yes,2,0,487,0,487,L1_Location=Cairns,False,L1_Location=Cairns|L2_RainToday=rain_today_yes
L1_Location=Cairns|L2_RainToday=rain_today_yes|L3_Humidity3pm=others,3,8,0,8,0,L1_Location=Cairns|L2_RainToday=rain_today_yes,True,L1_Location=Cairns|L2_RainToday=rain_today_yes
L1_Location=Canberra|L2_RainToday=others,2,16,0,16,0,L1_Location=Canberra,True,L1_Location=Canberra
L1_Location=Canberra,1,0,2794,0,2794,ROOT,False,L1_Location=Canberra
L1_Location=Canberra|L2_RainToday=rain_today_no|L3_Humidity3pm=hum_low,3,1271,0,1271,0,L1_Location=Canberra|L2_RainToday=rain_today_no,True,L1_Location=Canberra
L1_Location=Canberra|L2_RainToday=rain_today_no|L3_Humidity3pm=hum_mid,3,1329,0,1329,0,L1_Location=Canberra|L2_RainToday=rain_today_no,True,L1_Location=Canberra
L1_Location=Canberra|L2_RainToday=rain_today_no|L3_Humidity3pm=others,3,178,0,178,0,L1_Location=Canberra|L2_RainToday=rain_today_no,True,L1_Location=Canberra
L1_Location=Canberra|L2_RainToday=rain_today_yes|L3_Humidity3pm=hum_mid,3,326,0,326,0,L1_Location=Canberra|L2_RainToday=rain_today_yes,True,L1_Location=Canberra|L2_RainToday=rain_today_yes
L1_Location=Canberra|L2_RainToday=rain_today_yes,2,0,624,0,624,L1_Location=Canberra,False,L1_Location=Canberra|L2_RainToday=rain_today_yes
L1_Location=Canberra|L2_RainToday=rain_today_yes|L3_Humidity3pm=others,3,298,0,298,0,L1_Location=Canberra|L2_RainToday=rain_today_yes,True,L1_Location=Canberra|L2_RainToday=rain_today_yes
L1_Location=Cobar|L2_RainToday=others,2,8,0,8,0,L1_Location=Cobar,True,L1_Location=Cobar
L1_Location=Cobar,1,0,392,0,392,ROOT,False,L1_Location=Cobar
L1_Location=Cobar|L2_RainToday=rain_today_no|L3_Humidity3pm=hum_low,3,1905,0,1905,0,L1_Location=Cobar|L2_RainToday=rain_today_no,True,L1_Location=Cobar|L2_RainToday=rain_today_no
L1_Location=Cobar|L2_RainToday=rain_today_no,2,0,2596,0,2596,L1_Location=Cobar,False,L1_Location=Cobar|L2_RainToday=rain_today_no
L1_Location=Cobar|L2_RainToday=rain_today_no|L3_Humidity3pm=hum_mid,3,518,0,518,0,L1_Location=Cobar|L2_RainToday=rain_today_no,True,L1_Location=Cobar|L2_RainToday=rain_today_no
L1_Location=Cobar|L2_RainToday=rain_today_no|L3_Humidity3pm=others,3,173,0,173,0,L1_Location=Cobar|L2_RainToday=rain_today_no,True,L1_Location=Cobar|L2_RainToday=rain_today_no
L1_Location=Cobar|L2_RainToday=rain_today_yes,2,384,0,384,0,L1_Location=Cobar,True,L1_Location=Cobar
L1_Location=CoffsHarbour|L2_RainToday=others,2,13,0,13,0,L1_Location=CoffsHarbour,True,ROOT
L1_Location=CoffsHarbour|L2_RainToday=rain_today_no|L3_Humidity3pm=hum_high,3,351,351,0,0,L1_Location=CoffsHarbour|L2_RainToday=rain_today_no,False,L1_Location=CoffsHarbour|L2_RainToday=rain_today_no|L3_Humidity3pm=hum_high
L1_Location=CoffsHarbour|L2_RainToday=rain_today_no|L3_Humidity3pm=hum_mid,3,1513,0,1513,0,L1_Location=CoffsHarbour|L2_RainToday=rain_today_no,True,ROOT
L1_Location=CoffsHarbour|L2_RainToday=rain_today_no|L3_Humidity3pm=others,3,211,0,211,0,L1_Location=CoffsHarbour|L2_RainToday=rain_today_no,True,ROOT
L1_Location=CoffsHarbour|L2_RainToday=rain_today_yes|L3_Humidity3pm=hum_high,3,418,418,0,0,L1_Location=CoffsHarbour|L2_RainToday=rain_today_yes,False,L1_Location=CoffsHarbour|L2_RainToday=rain_today_yes|L3_Humidity3pm=hum_high
L1_Location=CoffsHarbour|L2_RainToday=rain_today_yes|L3_Humidity3pm=hum_mid,3,422,0,422,0,L1_Location=CoffsHarbour|L2_RainToday=rain_today_yes,True,L1_Location=CoffsHarbour|L2_RainToday=rain_today_yes
L1_Location=CoffsHarbour|L2_RainToday=rain_today_yes,2,0,447,0,447,L1_Location=CoffsHarbour,False,L1_Location=CoffsHarbour|L2_RainToday=rain_today_yes
L1_Location=CoffsHarbour|L2_RainToday=rain_today_yes|L3_Humidity3pm=others,3,25,0,25,0,L1_Location=CoffsHarbour|L2_RainToday=rain_today_yes,True,L1_Location=CoffsHarbour|L2_RainToday=rain_today_yes
L1_Location=Dartmoor|L2_RainToday=others,2,4,0,4,0,L1_Location=Dartmoor,True,L1_Location=Dartmoor
L1_Location=Dartmoor,1,0,1538,0,1538,ROOT,False,L1_Location=Dartmoor
L1_Location=Dartmoor|L2_RainToday=rain_today_no|L3_Humidity3pm=hum_high,3,484,484,0,0,L1_Location=Dartmoor|L2_RainToday=rain_today_no,False,L1_Location=Dartmoor|L2_RainToday=rain_today_no|L3_Humidity3pm=hum_high
L1_Location=Dartmoor|L2_RainToday=rain_today_no|L3_Humidity3pm=hum_low,3,394,0,394,0,L1_Location=Dartmoor|L2_RainToday=rain_today_no,True,L1_Location=Dartmoor
L1_Location=Dartmoor|L2_RainToday=rain_today_no|L3_Humidity3pm=hum_mid,3,1043,0,1043,0,L1_Location=Dartmoor|L2_RainToday=rain_today_no,True,L1_Location=Dartmoor
L1_Location=Dartmoor|L2_RainToday=rain_today_no|L3_Humidity3pm=others,3,97,0,97,0,L1_Location=Dartmoor|L2_RainToday=rain_today_no,True,L1_Location=Dartmoor
L1_Location=Dartmoor|L2_RainToday=rain_today_yes|L3_Humidity3pm=hum_high,3,541,541,0,0,L1_Location=Dartmoor|L2_RainToday=rain_today_yes,False,L1_Location=Dartmoor|L2_RainToday=rain_today_yes|L3_Humidity3pm=hum_high
L1_Location=Dartmoor|L2_RainToday=rain_today_yes|L3_Humidity3pm=hum_mid,3,308,0,308,0,L1_Location=Dartmoor|L2_RainToday=rain_today_yes,True,L1_Location=Dartmoor|L2_RainToday=rain_today_yes
L1_Location=Dartmoor|L2_RainToday=rain_today_yes,2,0,380,0,380,L1_Location=Dartmoor,False,L1_Location=Dartmoor|L2_RainToday=rain_today_yes
L1_Location=Dartmoor|L2_RainToday=rain_today_yes|L3_Humidity3pm=others,3,72,0,72,0,L1_Location=Dartmoor|L2_RainToday=rain_today_yes,True,L1_Location=Dartmoor|L2_RainToday=rain_today_yes
L1_Location=Darwin|L2_RainToday=rain_today_no|L3_Humidity3pm=hum_low,3,861,0,861,0,L1_Location=Darwin|L2_RainToday=rain_today_no,True,L1_Location=Darwin|L2_RainToday=rain_today_no
L1_Location=Darwin|L2_RainToday=rain_today_no,2,0,2340,0,2340,L1_Location=Darwin,False,L1_Location=Darwin|L2_RainToday=rain_today_no
L1_Location=Darwin|L2_RainToday=rain_today_no|L3_Humidity3pm=hum_mid,3,1349,0,1349,0,L1_Location=Darwin|L2_RainToday=rain_today_no,True,L1_Location=Darwin|L2_RainToday=rain_today_no
L1_Location=Darwin|L2_RainToday=rain_today_no|L3_Humidity3pm=others,3,130,0,130,0,L1_Location=Darwin|L2_RainToday=rain_today_no,True,L1_Location=Darwin|L2_RainToday=rain_today_no
L1_Location=Darwin|L2_RainToday=rain_today_yes|L3_Humidity3pm=hum_high,3,344,344,0,0,L1_Location=Darwin|L2_RainToday=rain_today_yes,False,L1_Location=Darwin|L2_RainToday=rain_today_yes|L3_Humidity3pm=hum_high
L1_Location=Darwin|L2_RainToday=rain_today_yes|L3_Humidity3pm=hum_mid,3,490,0,490,0,L1_Location=Darwin|L2_RainToday=rain_today_yes,True,L1_Location=Darwin
L1_Location=Darwin,1,0,508,0,508,ROOT,False,L1_Location=Darwin
L1_Location=Darwin|L2_RainToday=rain_today_yes|L3_Humidity3pm=others,3,18,0,18,0,L1_Location=Darwin|L2_RainToday=rain_today_yes,True,L1_Location=Darwin
L1_Location=GoldCoast|L2_RainToday=others,2,56,0,56,0,L1_Location=GoldCoast,True,ROOT
L1_Location=GoldCoast|L2_RainToday=rain_today_no|L3_Humidity3pm=hum_high,3,354,0,354,0,L1_Location=GoldCoast|L2_RainToday=rain_today_no,True,ROOT
L1_Location=GoldCoast|L2_RainToday=rain_today_no|L3_Humidity3pm=hum_mid,3,1613,0,1613,0,L1_Location=GoldCoast|L2_RainToday=rain_today_no,True,ROOT
L1_Location=GoldCoast|L2_RainToday=rain_today_no|L3_Humidity3pm=others,3,200,0,200,0,L1_Location=GoldCoast|L2_RainToday=rain_today_no,True,ROOT
L1_Location=GoldCoast|L2_RainToday=rain_today_yes|L3_Humidity3pm=hum_high,3,396,396,0,0,L1_Location=GoldCoast|L2_RainToday=rain_today_yes,False,L1_Location=GoldCoast|L2_RainToday=rain_today_yes|L3_Humidity3pm=hum_high
L1_Location=GoldCoast|L2_RainToday=rain_today_yes|L3_Humidity3pm=hum_mid,3,336,0,336,0,L1_Location=GoldCoast|L2_RainToday=rain_today_yes,True,L1_Location=GoldCoast|L2_RainToday=rain_today_yes
L1_Location=GoldCoast|L2_RainToday=rain_today_yes,2,0,361,0,361,L1_Location=GoldCoast,False,L1_Location=GoldCoast|L2_RainToday=rain_today_yes
L1_Location=GoldCoast|L2_RainToday=rain_today_yes|L3_Humidity3pm=others,3,25,0,25,0,L1_Location=GoldCoast|L2_RainToday=rain_today_yes,True,L1_Location=GoldCoast|L2_RainToday=rain_today_yes
L1_Location=Hobart|L2_RainToday=others,2,5,0,5,0,L1_Location=Hobart,True,ROOT
L1_Location=Hobart|L2_RainToday=rain_today_no|L3_Humidity3pm=hum_low,3,540,0,540,0,L1_Location=Hobart|L2_RainToday=rain_today_no,True,L1_Location=Hobart|L2_RainToday=rain_today_no
L1_Location=Hobart|L2_RainToday=rain_today_no,2,0,2421,0,2421,L1_Location=Hobart,False,L1_Location=Hobart|L2_RainToday=rain_today_no
L1_Location=Hobart|L2_RainToday=rain_today_no|L3_Humidity3pm=hum_mid,3,1624,0,1624,0,L1_Location=Hobart|L2_RainToday=rain_today_no,True,L1_Location=Hobart|L2_RainToday=rain_today_no
L1_Location=Hobart|L2_RainToday=rain_today_no|L3_Humidity3pm=others,3,257,0,257,0,L1_Location=Hobart|L2_RainToday=rain_today_no,True,L1_Location=Hobart|L2_RainToday=rain_today_no
L1_Location=Hobart|L2_RainToday=rain_today_yes|L3_Humidity3pm=hum_mid,3,435,0,435,0,L1_Location=Hobart|L2_RainToday=rain_today_yes,True,L1_Location=Hobart|L2_RainToday=rain_today_yes
L1_Location=Hobart|L2_RainToday=rain_today_yes,2,0,762,0,762,L1_Location=Hobart,False,L1_Location=Hobart|L2_RainToday=rain_today_yes
L1_Location=Hobart|L2_RainToday=rain_today_yes|L3_Humidity3pm=others,3,327,0,327,0,L1_Location=Hobart|L2_RainToday=rain_today_yes,True,L1_Location=Hobart|L2_RainToday=rain_today_yes
L1_Location=Katherine|L2_RainToday=others,2,271,0,271,0,L1_Location=Katherine,True,L1_Location=Katherine
L1_Location=Katherine,1,0,1559,0,1559,ROOT,False,L1_Location=Katherine
L1_Location=Katherine|L2_RainToday=rain_today_no|L3_Humidity3pm=hum_low,3,390,0,390,0,L1_Location=Katherine|L2_RainToday=rain_today_no,True,L1_Location=Katherine
L1_Location=Katherine|L2_RainToday=rain_today_no|L3_Humidity3pm=others,3,223,0,223,0,L1_Location=Katherine|L2_RainToday=rain_today_no,True,L1_Location=Katherine
L1_Location=Katherine|L2_RainToday=rain_today_no|L3_Humidity3pm=unknown,3,675,0,675,0,L1_Location=Katherine|L2_RainToday=rain_today_no,True,L1_Location=Katherine
L1_Location=Launceston|L2_RainToday=others,2,8,0,8,0,L1_Location=Launceston,True,ROOT
L1_Location=Launceston|L2_RainToday=rain_today_no|L3_Humidity3pm=hum_high,3,398,0,398,0,L1_Location=Launceston|L2_RainToday=rain_today_no,True,L1_Location=Launceston|L2_RainToday=rain_today_no
L1_Location=Launceston|L2_RainToday=rain_today_no,2,0,2323,0,2323,L1_Location=Launceston,False,L1_Location=Launceston|L2_RainToday=rain_today_no
L1_Location=Launceston|L2_RainToday=rain_today_no|L3_Humidity3pm=hum_low,3,481,0,481,0,L1_Location=Launceston|L2_RainToday=rain_today_no,True,L1_Location=Launceston|L2_RainToday=rain_today_no
L1_Location=Launceston|L2_RainToday=rain_today_no|L3_Humidity3pm=hum_mid,3,1441,0,1441,0,L1_Location=Launceston|L2_RainToday=rain_today_no,True,L1_Location=Launceston|L2_RainToday=rain_today_no
L1_Location=Launceston|L2_RainToday=rain_today_no|L3_Humidity3pm=others,3,3,0,3,0,L1_Location=Launceston|L2_RainToday=rain_today_no,True,L1_Location=Launceston|L2_RainToday=rain_today_no
L1_Location=Launceston|L2_RainToday=rain_today_yes|L3_Humidity3pm=hum_mid,3,352,0,352,0,L1_Location=Launceston|L2_RainToday=rain_today_yes,True,ROOT
L1_Location=Launceston|L2_RainToday=rain_today_yes|L3_Humidity3pm=others,3,345,0,345,0,L1_Location=Launceston|L2_RainToday=rain_today_yes,True,ROOT
L1_Location=MelbourneAirport|L2_RainToday=rain_today_no|L3_Humidity3pm=hum_low,3,730,0,730,0,L1_Location=MelbourneAirport|L2_RainToday=rain_today_no,True,L1_Location=MelbourneAirport|L2_RainToday=rain_today_no
L1_Location=MelbourneAirport|L2_RainToday=rain_today_no,2,0,2356,0,2356,L1_Location=MelbourneAirport,False,L1_Location=MelbourneAirport|L2_RainToday=rain_today_no
L1_Location=MelbourneAirport|L2_RainToday=rain_today_no|L3_Humidity3pm=hum_mid,3,1377,0,1377,0,L1_Location=MelbourneAirport|L2_RainToday=rain_today_no,True,L1_Location=MelbourneAirport|L2_RainToday=rain_today_no
L1_Location=MelbourneAirport|L2_RainToday=rain_today_no|L3_Humidity3pm=others,3,249,0,249,0,L1_Location=MelbourneAirport|L2_RainToday=rain_today_no,True,L1_Location=MelbourneAirport|L2_RainToday=rain_today_no
L1_Location=MelbourneAirport|L2_RainToday=rain_today_yes|L3_Humidity3pm=hum_mid,3,411,0,411,0,L1_Location=MelbourneAirport|L2_RainToday=rain_today_yes,True,ROOT
L1_Location=MelbourneAirport|L2_RainToday=rain_today_yes|L3_Humidity3pm=others,3,242,0,242,0,L1_Location=MelbourneAirport|L2_RainToday=rain_today_yes,True,ROOT
L1_Location=Melbourne|L2_RainToday=others,2,137,0,137,0,L1_Location=Melbourne,True,ROOT
L1_Location=Melbourne|L2_RainToday=rain_today_no|L3_Humidity3pm=hum_low,3,489,0,489,0,L1_Location=Melbourne|L2_RainToday=rain_today_no,True,L1_Location=Melbourne|L2_RainToday=rain_today_no
L1_Location=Melbourne|L2_RainToday=rain_today_no,2,0,1718,0,1718,L1_Location=Melbourne,False,L1_Location=Melbourne|L2_RainToday=rain_today_no
L1_Location=Melbourne|L2_RainToday=rain_today_no|L3_Humidity3pm=hum_mid,3,1075,0,1075,0,L1_Location=Melbourne|L2_RainToday=rain_today_no,True,L1_Location=Melbourne|L2_RainToday=rain_today_no
L1_Location=Melbourne|L2_RainToday=rain_today_no|L3_Humidity3pm=others,3,154,0,154,0,L1_Location=Melbourne|L2_RainToday=rain_today_no,True,L1_Location=Melbourne|L2_RainToday=rain_today_no
L1_Location=Melbourne|L2_RainToday=rain_today_yes|L3_Humidity3pm=hum_mid,3,397,0,397,0,L1_Location=Melbourne|L2_RainToday=rain_today_yes,True,L1_Location=Melbourne|L2_RainToday=rain_today_yes
L1_Location=Melbourne|L2_RainToday=rain_today_yes,2,0,580,0,580,L1_Location=Melbourne,False,L1_Location=Melbourne|L2_RainToday=rain_today_yes
L1_Location=Melbourne|L2_RainToday=rain_today_yes|L3_Humidity3pm=others,3,183,0,183,0,L1_Location=Melbourne|L2_RainToday=rain_today_yes,True,L1_Location=Melbourne|L2_RainToday=rain_today_yes
L1_Location=Mildura|L2_RainToday=others,2,2,0,2,0,L1_Location=Mildura,True,L1_Location=Mildura
L1_Location=Mildura,1,0,2681,0,2681,ROOT,False,L1_Location=Mildura
L1_Location=Mildura|L2_RainToday=rain_today_no|L3_Humidity3pm=hum_low,3,1896,0,1896,0,L1_Location=Mildura|L2_RainToday=rain_today_no,True,L1_Location=Mildura
L1_Location=Mildura|L2_RainToday=rain_today_no|L3_Humidity3pm=hum_mid,3,702,0,702,0,L1_Location=Mildura|L2_RainToday=rain_today_no,True,L1_Location=Mildura
L1_Location=Mildura|L2_RainToday=rain_today_no|L3_Humidity3pm=others,3,81,0,81,0,L1_Location=Mildura|L2_RainToday=rain_today_no,True,L1_Location=Mildura
L1_Location=Mildura|L2_RainToday=rain_today_yes,2,326,326,0,0,L1_Location=Mildura,False,L1_Location=Mildura|L2_RainToday=rain_today_yes
L1_Location=Moree|L2_RainToday=others,2,63,0,63,0,L1_Location=Moree,True,ROOT
L1_Location=Moree|L2_RainToday=rain_today_no|L3_Humidity3pm=hum_low,3,1883,0,1883,0,L1_Location=Moree|L2_RainToday=rain_today_no,True,L1_Location=Moree|L2_RainToday=rain_today_no
L1_Location=Moree|L2_RainToday=rain_today_no,2,0,2409,0,2409,L1_Location=Moree,False,L1_Location=Moree|L2_RainToday=rain_today_no
L1_Location=Moree|L2_RainToday=rain_today_no|L3_Humidity3pm=hum_mid,3,441,0,441,0,L1_Location=Moree|L2_RainToday=rain_today_no,True,L1_Location=Moree|L2_RainToday=rain_today_no
L1_Location=Moree|L2_RainToday=rain_today_no|L3_Humidity3pm=others,3,85,0,85,0,L1_Location=Moree|L2_RainToday=rain_today_no,True,L1_Location=Moree|L2_RainToday=rain_today_no
L1_Location=Moree|L2_RainToday=rain_today_yes,2,382,382,0,0,L1_Location=Moree,False,L1_Location=Moree|L2_RainToday=rain_today_yes
L1_Location=MountGambier|L2_RainToday=others,2,8,0,8,0,L1_Location=MountGambier,True,L1_Location=MountGambier
L1_Location=MountGambier,1,0,8,0,8,ROOT,False,L1_Location=MountGambier
L1_Location=MountGambier|L2_RainToday=rain_today_no|L3_Humidity3pm=hum_high,3,369,369,0,0,L1_Location=MountGambier|L2_RainToday=rain_today_no,False,L1_Location=MountGambier|L2_RainToday=rain_today_no|L3_Humidity3pm=hum_high
L1_Location=MountGambier|L2_RainToday=rain_today_no|L3_Humidity3pm=hum_low,3,565,0,565,0,L1_Location=MountGambier|L2_RainToday=rain_today_no,True,L1_Location=MountGambier|L2_RainToday=rain_today_no
L1_Location=MountGambier|L2_RainToday=rain_today_no,2,0,1734,0,1734,L1_Location=MountGambier,False,L1_Location=MountGambier|L2_RainToday=rain_today_no
L1_Location=MountGambier|L2_RainToday=rain_today_no|L3_Humidity3pm=hum_mid,3,1162,0,1162,0,L1_Location=MountGambier|L2_RainToday=rain_today_no,True,L1_Location=MountGambier|L2_RainToday=rain_today_no
L1_Location=MountGambier|L2_RainToday=rain_today_no|L3_Humidity3pm=others,3,7,0,7,0,L1_Location=MountGambier|L2_RainToday=rain_today_no,True,L1_Location=MountGambier|L2_RainToday=rain_today_no
L1_Location=MountGambier|L2_RainToday=rain_today_yes|L3_Humidity3pm=hum_high,3,399,399,0,0,L1_Location=MountGambier|L2_RainToday=rain_today_yes,False,L1_Location=MountGambier|L2_RainToday=rain_today_yes|L3_Humidity3pm=hum_high
L1_Location=MountGambier|L2_RainToday=rain_today_yes|L3_Humidity3pm=hum_mid,3,494,0,494,0,L1_Location=MountGambier|L2_RainToday=rain_today_yes,True,L1_Location=MountGambier|L2_RainToday=rain_today_yes
L1_Location=MountGambier|L2_RainToday=rain_today_yes,2,0,520,0,520,L1_Location=MountGambier,False,L1_Location=MountGambier|L2_RainToday=rain_today_yes
L1_Location=MountGambier|L2_RainToday=rain_today_yes|L3_Humidity3pm=others,3,26,0,26,0,L1_Location=MountGambier|L2_RainToday=rain_today_yes,True,L1_Location=MountGambier|L2_RainToday=rain_today_yes
L1_Location=MountGinini|L2_RainToday=others,2,91,0,91,0,L1_Location=MountGinini,True,ROOT
L1_Location=MountGinini|L2_RainToday=rain_today_no|L3_Humidity3pm=hum_high,3,723,0,723,0,L1_Location=MountGinini|L2_RainToday=rain_today_no,True,ROOT
L1_Location=MountGinini|L2_RainToday=rain_today_no|L3_Humidity3pm=hum_mid,3,896,0,896,0,L1_Location=MountGinini|L2_RainToday=rain_today_no,True,ROOT
L1_Location=MountGinini|L2_RainToday=rain_today_no|L3_Humidity3pm=others,3,416,0,416,0,L1_Location=MountGinini|L2_RainToday=rain_today_no,True,ROOT
L1_Location=MountGinini|L2_RainToday=rain_today_yes|L3_Humidity3pm=hum_high,3,531,531,0,0,L1_Location=MountGinini|L2_RainToday=rain_today_yes,False,L1_Location=MountGinini|L2_RainToday=rain_today_yes|L3_Humidity3pm=hum_high
L1_Location=MountGinini|L2_RainToday=rain_today_yes|L3_Humidity3pm=others,3,250,0,250,0,L1_Location=MountGinini|L2_RainToday=rain_today_yes,True,L1_Location=MountGinini|L2_RainToday=rain_today_yes
L1_Location=MountGinini|L2_RainToday=rain_today_yes,2,0,250,0,250,L1_Location=MountGinini,False,L1_Location=MountGinini|L2_RainToday=rain_today_yes
L1_Location=Newcastle|L2_RainToday=others,2,26,0,26,0,L1_Location=Newcastle,True,ROOT
L1_Location=Newcastle|L2_RainToday=rain_today_no|L3_Humidity3pm=hum_low,3,327,0,327,0,L1_Location=Newcastle|L2_RainToday=rain_today_no,True,ROOT
L1_Location=Newcastle|L2_RainToday=rain_today_no|L3_Humidity3pm=hum_mid,3,1011,0,1011,0,L1_Location=Newcastle|L2_RainToday=rain_today_no,True,ROOT
L1_Location=Newcastle|L2_RainToday=rain_today_no|L3_Humidity3pm=others,3,221,0,221,0,L1_Location=Newcastle|L2_RainToday=rain_today_no,True,ROOT
L1_Location=Newcastle|L2_RainToday=rain_today_no|L3_Humidity3pm=unknown,3,649,0,649,0,L1_Location=Newcastle|L2_RainToday=rain_today_no,True,ROOT
L1_Location=Newcastle|L2_RainToday=rain_today_yes,2,721,721,0,0,L1_Location=Newcastle,False,L1_Location=Newcastle|L2_RainToday=rain_today_yes
L1_Location=Nhil|L2_RainToday=others,2,244,0,244,0,L1_Location=Nhil,True,L1_Location=Nhil
L1_Location=Nhil,1,0,1058,0,1058,ROOT,False,L1_Location=Nhil
L1_Location=Nhil|L2_RainToday=rain_today_no|L3_Humidity3pm=hum_low,3,691,0,691,0,L1_Location=Nhil|L2_RainToday=rain_today_no,True,L1_Location=Nhil
L1_Location=Nhil|L2_RainToday=rain_today_no|L3_Humidity3pm=hum_mid,3,511,511,0,0,L1_Location=Nhil|L2_RainToday=rain_today_no,False,L1_Location=Nhil|L2_RainToday=rain_today_no|L3_Humidity3pm=hum_mid
L1_Location=Nhil|L2_RainToday=rain_today_no|L3_Humidity3pm=others,3,123,0,123,0,L1_Location=Nhil|L2_RainToday=rain_today_no,True,L1_Location=Nhil
L1_Location=NorahHead|L2_RainToday=others,2,41,0,41,0,L1_Location=NorahHead,True,ROOT
L1_Location=NorahHead|L2_RainToday=rain_today_no|L3_Humidity3pm=hum_high,3,818,0,818,0,L1_Location=NorahHead|L2_RainToday=rain_today_no,True,ROOT
L1_Location=NorahHead|L2_RainToday=rain_today_no|L3_Humidity3pm=hum_mid,3,1115,0,1115,0,L1_Location=NorahHead|L2_RainToday=rain_today_no,True,ROOT
L1_Location=NorahHead|L2_RainToday=rain_today_no|L3_Humidity3pm=others,3,160,0,160,0,L1_Location=NorahHead|L2_RainToday=rain_today_no,True,ROOT
L1_Location=NorahHead|L2_RainToday=rain_today_yes|L3_Humidity3pm=hum_high,3,503,503,0,0,L1_Location=NorahHead|L2_RainToday=rain_today_yes,False,L1_Location=NorahHead|L2_RainToday=rain_today_yes|L3_Humidity3pm=hum_high
L1_Location=NorahHead|L2_RainToday=rain_today_yes|L3_Humidity3pm=others,3,292,0,292,0,L1_Location=NorahHead|L2_RainToday=rain_today_yes,True,L1_Location=NorahHead|L2_RainToday=rain_today_yes
L1_Location=NorahHead|L2_RainToday=rain_today_yes,2,0,292,0,292,L1_Location=NorahHead,False,L1_Location=NorahHead|L2_RainToday=rain_today_yes
L1_Location=NorfolkIsland|L2_RainToday=others,2,20,0,20,0,L1_Location=NorfolkIsland,True,ROOT
L1_Location=NorfolkIsland|L2_RainToday=rain_today_no|L3_Humidity3pm=hum_high,3,640,640,0,0,L1_Location=NorfolkIsland|L2_RainToday=rain_today_no,False,L1_Location=NorfolkIsland|L2_RainToday=rain_today_no|L3_Humidity3pm=hum_high
L1_Location=NorfolkIsland|L2_RainToday=rain_today_no|L3_Humidity3pm=hum_mid,3,1390,0,1390,0,L1_Location=NorfolkIsland|L2_RainToday=rain_today_no,True,ROOT
L1_Location=NorfolkIsland|L2_RainToday=rain_today_no|L3_Humidity3pm=others,3,2,0,2,0,L1_Location=NorfolkIsland|L2_RainToday=rain_today_no,True,ROOT
L1_Location=NorfolkIsland|L2_RainToday=rain_today_yes|L3_Humidity3pm=hum_high,3,475,475,0,0,L1_Location=NorfolkIsland|L2_RainToday=rain_today_yes,False,L1_Location=NorfolkIsland|L2_RainToday=rain_today_yes|L3_Humidity3pm=hum_high
L1_Location=NorfolkIsland|L2_RainToday=rain_today_yes|L3_Humidity3pm=hum_mid,3,437,0,437,0,L1_Location=NorfolkIsland|L2_RainToday=rain_today_yes,True,L1_Location=NorfolkIsland|L2_RainToday=rain_today_yes
L1_Location=NorfolkIsland|L2_RainToday=rain_today_yes,2,0,437,0,437,L1_Location=NorfolkIsland,False,L1_Location=NorfolkIsland|L2_RainToday=rain_today_yes
L1_Location=Nuriootpa|L2_RainToday=others,2,6,0,6,0,L1_Location=Nuriootpa,True,L1_Location=Nuriootpa
L1_Location=Nuriootpa,1,0,2414,0,2414,ROOT,False,L1_Location=Nuriootpa
L1_Location=Nuriootpa|L2_RainToday=rain_today_no|L3_Humidity3pm=hum_low,3,1277,0,1277,0,L1_Location=Nuriootpa|L2_RainToday=rain_today_no,True,L1_Location=Nuriootpa
L1_Location=Nuriootpa|L2_RainToday=rain_today_no|L3_Humidity3pm=hum_mid,3,911,0,911,0,L1_Location=Nuriootpa|L2_RainToday=rain_today_no,True,L1_Location=Nuriootpa
L1_Location=Nuriootpa|L2_RainToday=rain_today_no|L3_Humidity3pm=others,3,220,0,220,0,L1_Location=Nuriootpa|L2_RainToday=rain_today_no,True,L1_Location=Nuriootpa
L1_Location=Nuriootpa|L2_RainToday=rain_today_yes,2,588,588,0,0,L1_Location=Nuriootpa,False,L1_Location=Nuriootpa|L2_RainToday=rain_today_yes
L1_Location=PearceRAAF|L2_RainToday=others,2,116,0,116,0,L1_Location=PearceRAAF,True,L1_Location=PearceRAAF
L1_Location=PearceRAAF,1,0,2288,0,2288,ROOT,False,L1_Location=PearceRAAF
L1_Location=PearceRAAF|L2_RainToday=rain_today_no|L3_Humidity3pm=hum_low,3,1321,0,1321,0,L1_Location=PearceRAAF|L2_RainToday=rain_today_no,True,L1_Location=PearceRAAF
L1_Location=PearceRAAF|L2_RainToday=rain_today_no|L3_Humidity3pm=hum_mid,3,767,0,767,0,L1_Location=PearceRAAF|L2_RainToday=rain_today_no,True,L1_Location=PearceRAAF
L1_Location=PearceRAAF|L2_RainToday=rain_today_no|L3_Humidity3pm=others,3,84,0,84,0,L1_Location=PearceRAAF|L2_RainToday=rain_today_no,True,L1_Location=PearceRAAF
L1_Location=PearceRAAF|L2_RainToday=rain_today_yes|L3_Humidity3pm=hum_mid,3,338,0,338,0,L1_Location=PearceRAAF|L2_RainToday=rain_today_yes,True,L1_Location=PearceRAAF|L2_RainToday=rain_today_yes
L1_Location=PearceRAAF|L2_RainToday=rain_today_yes,2,0,474,0,474,L1_Location=PearceRAAF,False,L1_Location=PearceRAAF|L2_RainToday=rain_today_yes
L1_Location=PearceRAAF|L2_RainToday=rain_today_yes|L3_Humidity3pm=others,3,136,0,136,0,L1_Location=PearceRAAF|L2_RainToday=rain_today_yes,True,L1_Location=PearceRAAF|L2_RainToday=rain_today_yes
L1_Location=Penrith|L2_RainToday=others,2,53,0,53,0,L1_Location=Penrith,True,L1_Location=Penrith
L1_Location=Penrith,1,0,2964,0,2964,ROOT,False,L1_Location=Penrith
L1_Location=Penrith|L2_RainToday=rain_today_no|L3_Humidity3pm=hum_low,3,1035,0,1035,0,L1_Location=Penrith|L2_RainToday=rain_today_no,True,L1_Location=Penrith
L1_Location=Penrith|L2_RainToday=rain_today_no|L3_Humidity3pm=hum_mid,3,1059,0,1059,0,L1_Location=Penrith|L2_RainToday=rain_today_no,True,L1_Location=Penrith
L1_Location=Penrith|L2_RainToday=rain_today_no|L3_Humidity3pm=others,3,236,0,236,0,L1_Location=Penrith|L2_RainToday=rain_today_no,True,L1_Location=Penrith
L1_Location=Penrith|L2_RainToday=rain_today_yes,2,581,0,581,0,L1_Location=Penrith,True,L1_Location=Penrith
L1_Location=PerthAirport|L2_RainToday=rain_today_no|L3_Humidity3pm=hum_low,3,1398,0,1398,0,L1_Location=PerthAirport|L2_RainToday=rain_today_no,True,L1_Location=PerthAirport
L1_Location=PerthAirport,1,0,3009,0,3009,ROOT,False,L1_Location=PerthAirport
L1_Location=PerthAirport|L2_RainToday=rain_today_no|L3_Humidity3pm=hum_mid,3,958,0,958,0,L1_Location=PerthAirport|L2_RainToday=rain_today_no,True,L1_Location=PerthAirport
L1_Location=PerthAirport|L2_RainToday=rain_today_no|L3_Humidity3pm=others,3,86,0,86,0,L1_Location=PerthAirport|L2_RainToday=rain_today_no,True,L1_Location=PerthAirport
L1_Location=PerthAirport|L2_RainToday=rain_today_yes|L3_Humidity3pm=hum_mid,3,405,0,405,0,L1_Location=PerthAirport|L2_RainToday=rain_today_yes,True,L1_Location=PerthAirport
L1_Location=PerthAirport|L2_RainToday=rain_today_yes|L3_Humidity3pm=others,3,162,0,162,0,L1_Location=PerthAirport|L2_RainToday=rain_today_yes,True,L1_Location=PerthAirport
L1_Location=Perth|L2_RainToday=rain_today_no|L3_Humidity3pm=hum_low,3,1021,0,1021,0,L1_Location=Perth|L2_RainToday=rain_today_no,True,L1_Location=Perth
L1_Location=Perth,1,0,3193,0,3193,ROOT,False,L1_Location=Perth
L1_Location=Perth|L2_RainToday=rain_today_no|L3_Humidity3pm=hum_mid,3,1416,0,1416,0,L1_Location=Perth|L2_RainToday=rain_today_no,True,L1_Location=Perth
L1_Location=Perth|L2_RainToday=rain_today_no|L3_Humidity3pm=others,3,111,0,111,0,L1_Location=Perth|L2_RainToday=rain_today_no,True,L1_Location=Perth
L1_Location=Perth|L2_RainToday=rain_today_yes|L3_Humidity3pm=hum_mid,3,491,0,491,0,L1_Location=Perth|L2_RainToday=rain_today_yes,True,L1_Location=Perth
L1_Location=Perth|L2_RainToday=rain_today_yes|L3_Humidity3pm=others,3,154,0,154,0,L1_Location=Perth|L2_RainToday=rain_today_yes,True,L1_Location=Perth
L1_Location=Portland|L2_RainToday=others,2,12,0,12,0,L1_Location=Portland,True,L1_Location=Portland
L1_Location=Portland,1,0,186,0,186,ROOT,False,L1_Location=Portland
L1_Location=Portland|L2_RainToday=rain_today_no|L3_Humidity3pm=hum_high,3,518,518,0,0,L1_Location=Portland|L2_RainToday=rain_today_no,False,L1_Location=Portland|L2_RainToday=rain_today_no|L3_Humidity3pm=hum_high
L1_Location=Portland|L2_RainToday=rain_today_no|L3_Humidity3pm=hum_mid,3,1204,1204,0,0,L1_Location=Portland|L2_RainToday=rain_today_no,False,L1_Location=Portland|L2_RainToday=rain_today_no|L3_Humidity3pm=hum_mid
L1_Location=Portland|L2_RainToday=rain_today_no|L3_Humidity3pm=others,3,174,0,174,0,L1_Location=Portland|L2_RainToday=rain_today_no,True,L1_Location=Portland
L1_Location=Portland|L2_RainToday=rain_today_yes|L3_Humidity3pm=hum_high,3,580,580,0,0,L1_Location=Portland|L2_RainToday=rain_today_yes,False,L1_Location=Portland|L2_RainToday=rain_today_yes|L3_Humidity3pm=hum_high
L1_Location=Portland|L2_RainToday=rain_today_yes|L3_Humidity3pm=hum_mid,3,502,0,502,0,L1_Location=Portland|L2_RainToday=rain_today_yes,True,L1_Location=Portland|L2_RainToday=rain_today_yes
L1_Location=Portland|L2_RainToday=rain_today_yes,2,0,508,0,508,L1_Location=Portland,False,L1_Location=Portland|L2_RainToday=rain_today_yes
L1_Location=Portland|L2_RainToday=rain_today_yes|L3_Humidity3pm=others,3,6,0,6,0,L1_Location=Portland|L2_RainToday=rain_today_yes,True,L1_Location=Portland|L2_RainToday=rain_today_yes
L1_Location=Richmond|L2_RainToday=others,2,45,0,45,0,L1_Location=Richmond,True,L1_Location=Richmond
L1_Location=Richmond,1,0,45,0,45,ROOT,False,L1_Location=Richmond
L1_Location=Richmond|L2_RainToday=rain_today_no|L3_Humidity3pm=hum_low,3,984,984,0,0,L1_Location=Richmond|L2_RainToday=rain_today_no,False,L1_Location=Richmond|L2_RainToday=rain_today_no|L3_Humidity3pm=hum_low
L1_Location=Richmond|L2_RainToday=rain_today_no|L3_Humidity3pm=hum_mid,3,1160,0,1160,0,L1_Location=Richmond|L2_RainToday=rain_today_no,True,L1_Location=Richmond|L2_RainToday=rain_today_no
L1_Location=Richmond|L2_RainToday=rain_today_no,2,0,1367,0,1367,L1_Location=Richmond,False,L1_Location=Richmond|L2_RainToday=rain_today_no
L1_Location=Richmond|L2_RainToday=rain_today_no|L3_Humidity3pm=others,3,207,0,207,0,L1_Location=Richmond|L2_RainToday=rain_today_no,True,L1_Location=Richmond|L2_RainToday=rain_today_no
L1_Location=Richmond|L2_RainToday=rain_today_yes,2,555,555,0,0,L1_Location=Richmond,False,L1_Location=Richmond|L2_RainToday=rain_today_yes
L1_Location=Sale|L2_RainToday=others,2,8,0,8,0,L1_Location=Sale,True,L1_Location=Sale
L1_Location=Sale,1,0,2021,0,2021,ROOT,False,L1_Location=Sale
L1_Location=Sale|L2_RainToday=rain_today_no|L3_Humidity3pm=hum_high,3,338,338,0,0,L1_Location=Sale|L2_RainToday=rain_today_no,False,L1_Location=Sale|L2_RainToday=rain_today_no|L3_Humidity3pm=hum_high
L1_Location=Sale|L2_RainToday=rain_today_no|L3_Humidity3pm=hum_low,3,389,0,389,0,L1_Location=Sale|L2_RainToday=rain_today_no,True,L1_Location=Sale
L1_Location=Sale|L2_RainToday=rain_today_no|L3_Humidity3pm=hum_mid,3,1611,0,1611,0,L1_Location=Sale|L2_RainToday=rain_today_no,True,L1_Location=Sale
L1_Location=Sale|L2_RainToday=rain_today_no|L3_Humidity3pm=others,3,13,0,13,0,L1_Location=Sale|L2_RainToday=rain_today_no,True,L1_Location=Sale
L1_Location=Sale|L2_RainToday=rain_today_yes|L3_Humidity3pm=hum_mid,3,392,0,392,0,L1_Location=Sale|L2_RainToday=rain_today_yes,True,L1_Location=Sale|L2_RainToday=rain_today_yes
L1_Location=Sale|L2_RainToday=rain_today_yes,2,0,641,0,641,L1_Location=Sale,False,L1_Location=Sale|L2_RainToday=rain_today_yes
L1_Location=Sale|L2_RainToday=rain_today_yes|L3_Humidity3pm=others,3,249,0,249,0,L1_Location=Sale|L2_RainToday=rain_today_yes,True,L1_Location=Sale|L2_RainToday=rain_today_yes
L1_Location=SalmonGums|L2_RainToday=others,2,14,0,14,0,L1_Location=SalmonGums,True,ROOT
L1_Location=SalmonGums|L2_RainToday=rain_today_no|L3_Humidity3pm=hum_low,3,1555,0,1555,0,L1_Location=SalmonGums|L2_RainToday=rain_today_no,True,ROOT
L1_Location=SalmonGums|L2_RainToday=rain_today_no|L3_Humidity3pm=hum_mid,3,805,0,805,0,L1_Location=SalmonGums|L2_RainToday=rain_today_no,True,ROOT
L1_Location=SalmonGums|L2_RainToday=rain_today_no|L3_Humidity3pm=others,3,112,0,112,0,L1_Location=SalmonGums|L2_RainToday=rain_today_no,True,ROOT
L1_Location=SalmonGums|L2_RainToday=rain_today_yes,2,469,469,0,0,L1_Location=SalmonGums,False,L1_Location=SalmonGums|L2_RainToday=rain_today_yes
L1_Location=SydneyAirport|L2_RainToday=others,2,4,0,4,0,L1_Location=SydneyAirport,True,L1_Location=SydneyAirport
L1_Location=SydneyAirport,1,0,776,0,776,ROOT,False,L1_Location=SydneyAirport
L1_Location=SydneyAirport|L2_RainToday=rain_today_no|L3_Humidity3pm=hum_low,3,640,0,640,0,L1_Location=SydneyAirport|L2_RainToday=rain_today_no,True,L1_Location=SydneyAirport|L2_RainToday=rain_today_no
L1_Location=SydneyAirport|L2_RainToday=rain_today_no,2,0,2229,0,2229,L1_Location=SydneyAirport,False,L1_Location=SydneyAirport|L2_RainToday=rain_today_no
L1_Location=SydneyAirport|L2_RainToday=rain_today_no|L3_Humidity3pm=hum_mid,3,1317,0,1317,0,L1_Location=SydneyAirport|L2_RainToday=rain_today_no,True,L1_Location=SydneyAirport|L2_RainToday=rain_today_no
L1_Location=SydneyAirport|L2_RainToday=rain_today_no|L3_Humidity3pm=others,3,272,0,272,0,L1_Location=SydneyAirport|L2_RainToday=rain_today_no,True,L1_Location=SydneyAirport|L2_RainToday=rain_today_no
L1_Location=SydneyAirport|L2_RainToday=rain_today_yes|L3_Humidity3pm=hum_high,3,311,0,311,0,L1_Location=SydneyAirport|L2_RainToday=rain_today_yes,True,L1_Location=SydneyAirport
L1_Location=SydneyAirport|L2_RainToday=rain_today_yes|L3_Humidity3pm=hum_mid,3,387,0,387,0,L1_Location=SydneyAirport|L2_RainToday=rain_today_yes,True,L1_Location=SydneyAirport
L1_Location=SydneyAirport|L2_RainToday=rain_today_yes|L3_Humidity3pm=others,3,74,0,74,0,L1_Location=SydneyAirport|L2_RainToday=rain_today_yes,True,L1_Location=SydneyAirport
L1_Location=Sydney|L2_RainToday=others,2,6,0,6,0,L1_Location=Sydney,True,ROOT
L1_Location=Sydney|L2_RainToday=rain_today_no|L3_Humidity3pm=hum_low,3,603,0,603,0,L1_Location=Sydney|L2_RainToday=rain_today_no,True,L1_Location=Sydney|L2_RainToday=rain_today_no
L1_Location=Sydney|L2_RainToday=rain_today_no,2,0,2465,0,2465,L1_Location=Sydney,False,L1_Location=Sydney|L2_RainToday=rain_today_no
L1_Location=Sydney|L2_RainToday=rain_today_no|L3_Humidity3pm=hum_mid,3,1665,0,1665,0,L1_Location=Sydney|L2_RainToday=rain_today_no,True,L1_Location=Sydney|L2_RainToday=rain_today_no
L1_Location=Sydney|L2_RainToday=rain_today_no|L3_Humidity3pm=others,3,197,0,197,0,L1_Location=Sydney|L2_RainToday=rain_today_no,True,L1_Location=Sydney|L2_RainToday=rain_today_no
L1_Location=Sydney|L2_RainToday=rain_today_yes|L3_Humidity3pm=hum_mid,3,503,0,503,0,L1_Location=Sydney|L2_RainToday=rain_today_yes,True,L1_Location=Sydney|L2_RainToday=rain_today_yes
L1_Location=Sydney|L2_RainToday=rain_today_yes,2,0,866,0,866,L1_Location=Sydney,False,L1_Location=Sydney|L2_RainToday=rain_today_yes
L1_Location=Sydney|L2_RainToday=rain_today_yes|L3_Humidity3pm=others,3,363,0,363,0,L1_Location=Sydney|L2_RainToday=rain_today_yes,True,L1_Location=Sydney|L2_RainToday=rain_today_yes
L1_Location=Townsville|L2_RainToday=others,2,6,0,6,0,L1_Location=Townsville,True,L1_Location=Townsville
L1_Location=Townsville,1,0,3033,0,3033,ROOT,False,L1_Location=Townsville
L1_Location=Townsville|L2_RainToday=rain_today_no|L3_Humidity3pm=hum_mid,3,2086,0,2086,0,L1_Location=Townsville|L2_RainToday=rain_today_no,True,L1_Location=Townsville
L1_Location=Townsville|L2_RainToday=rain_today_no|L3_Humidity3pm=others,3,423,0,423,0,L1_Location=Townsville|L2_RainToday=rain_today_no,True,L1_Location=Townsville
L1_Location=Townsville|L2_RainToday=rain_today_yes,2,518,0,518,0,L1_Location=Townsville,True,L1_Location=Townsville
L1_Location=Tuggeranong|L2_RainToday=others,2,39,0,39,0,L1_Location=Tuggeranong,True,ROOT
L1_Location=Tuggeranong|L2_RainToday=rain_today_no|L3_Humidity3pm=hum_low,3,1033,0,1033,0,L1_Location=Tuggeranong|L2_RainToday=rain_today_no,True,L1_Location=Tuggeranong|L2_RainToday=rain_today_no
L1_Location=Tuggeranong|L2_RainToday=rain_today_no,2,0,2397,0,2397,L1_Location=Tuggeranong,False,L1_Location=Tuggeranong|L2_RainToday=rain_today_no
L1_Location=Tuggeranong|L2_RainToday=rain_today_no|L3_Humidity3pm=hum_mid,3,1208,0,1208,0,L1_Location=Tuggeranong|L2_RainToday=rain_today_no,True,L1_Location=Tuggeranong|L2_RainToday=rain_today_no
L1_Location=Tuggeranong|L2_RainToday=rain_today_no|L3_Humidity3pm=others,3,156,0,156,0,L1_Location=Tuggeranong|L2_RainToday=rain_today_no,True,L1_Location=Tuggeranong|L2_RainToday=rain_today_no
L1_Location=Tuggeranong|L2_RainToday=rain_today_yes|L3_Humidity3pm=hum_mid,3,331,0,331,0,L1_Location=Tuggeranong|L2_RainToday=rain_today_yes,True,ROOT
L1_Location=Tuggeranong|L2_RainToday=rain_today_yes|L3_Humidity3pm=others,3,231,0,231,0,L1_Location=Tuggeranong|L2_RainToday=rain_today_yes,True,ROOT
L1_Location=Uluru|L2_RainToday=others,2,132,0,132,0,L1_Location=Uluru,True,L1_Location=Uluru
L1_Location=Uluru,1,0,1521,0,1521,ROOT,False,L1_Location=Uluru
L1_Location=Uluru|L2_RainToday=rain_today_no|L3_Humidity3pm=hum_low,3,1297,0,1297,0,L1_Location=Uluru|L2_RainToday=rain_today_no,True,L1_Location=Uluru
L1_Location=Uluru|L2_RainToday=rain_today_no|L3_Humidity3pm=others,3,92,0,92,0,L1_Location=Uluru|L2_RainToday=rain_today_no,True,L1_Location=Uluru
L1_Location=WaggaWagga|L2_RainToday=others,2,18,0,18,0,L1_Location=WaggaWagga,True,L1_Location=WaggaWagga
L1_Location=WaggaWagga,1,0,1592,0,1592,ROOT,False,L1_Location=WaggaWagga
L1_Location=WaggaWagga|L2_RainToday=rain_today_no|L3_Humidity3pm=hum_low,3,1384,1384,0,0,L1_Location=WaggaWagga|L2_RainToday=rain_today_no,False,L1_Location=WaggaWagga|L2_RainToday=rain_today_no|L3_Humidity3pm=hum_low
L1_Location=WaggaWagga|L2_RainToday=rain_today_no|L3_Humidity3pm=hum_mid,3,877,0,877,0,L1_Location=WaggaWagga|L2_RainToday=rain_today_no,True,L1_Location=WaggaWagga
L1_Location=WaggaWagga|L2_RainToday=rain_today_no|L3_Humidity3pm=others,3,164,0,164,0,L1_Location=WaggaWagga|L2_RainToday=rain_today_no,True,L1_Location=WaggaWagga
L1_Location=WaggaWagga|L2_RainToday=rain_today_yes,2,533,0,533,0,L1_Location=WaggaWagga,True,L1_Location=WaggaWagga
L1_Location=Walpole|L2_RainToday=others,2,49,0,49,0,L1_Location=Walpole,True,ROOT
L1_Location=Walpole|L2_RainToday=rain_today_no|L3_Humidity3pm=hum_high,3,450,0,450,0,L1_Location=Walpole|L2_RainToday=rain_today_no,True,L1_Location=Walpole|L2_RainToday=rain_today_no
L1_Location=Walpole|L2_RainToday=rain_today_no,2,0,1842,0,1842,L1_Location=Walpole,False,L1_Location=Walpole|L2_RainToday=rain_today_no
L1_Location=Walpole|L2_RainToday=rain_today_no|L3_Humidity3pm=hum_mid,3,1315,0,1315,0,L1_Location=Walpole|L2_RainToday=rain_today_no,True,L1_Location=Walpole|L2_RainToday=rain_today_no
L1_Location=Walpole|L2_RainToday=rain_today_no|L3_Humidity3pm=others,3,77,0,77,0,L1_Location=Walpole|L2_RainToday=rain_today_no,True,L1_Location=Walpole|L2_RainToday=rain_today_no
L1_Location=Walpole|L2_RainToday=rain_today_yes|L3_Humidity3pm=hum_high,3,449,449,0,0,L1_Location=Walpole|L2_RainToday=rain_today_yes,False,L1_Location=Walpole|L2_RainToday=rain_today_yes|L3_Humidity3pm=hum_high
L1_Location=Walpole|L2_RainToday=rain_today_yes|L3_Humidity3pm=hum_mid,3,460,0,460,0,L1_Location=Walpole|L2_RainToday=rain_today_yes,True,ROOT
L1_Location=Walpole|L2_RainToday=rain_today_yes|L3_Humidity3pm=others,3,19,0,19,0,L1_Location=Walpole|L2_RainToday=rain_today_yes,True,ROOT
L1_Location=Watsonia|L2_RainToday=others,2,9,0,9,0,L1_Location=Watsonia,True,ROOT
L1_Location=Watsonia|L2_RainToday=rain_today_no|L3_Humidity3pm=hum_low,3,619,0,619,0,L1_Location=Watsonia|L2_RainToday=rain_today_no,True,L1_Location=Watsonia|L2_RainToday=rain_today_no
L1_Location=Watsonia|L2_RainToday=rain_today_no,2,0,2256,0,2256,L1_Location=Watsonia,False,L1_Location=Watsonia|L2_RainToday=rain_today_no
L1_Location=Watsonia|L2_RainToday=rain_today_no|L3_Humidity3pm=hum_mid,3,1365,0,1365,0,L1_Location=Watsonia|L2_RainToday=rain_today_no,True,L1_Location=Watsonia|L2_RainToday=rain_today_no
L1_Location=Watsonia|L2_RainToday=rain_today_no|L3_Humidity3pm=others,3,272,0,272,0,L1_Location=Watsonia|L2_RainToday=rain_today_no,True,L1_Location=Watsonia|L2_RainToday=rain_today_no
L1_Location=Watsonia|L2_RainToday=rain_today_yes|L3_Humidity3pm=hum_mid,3,447,0,447,0,L1_Location=Watsonia|L2_RainToday=rain_today_yes,True,L1_Location=Watsonia|L2_RainToday=rain_today_yes
L1_Location=Watsonia|L2_RainToday=rain_today_yes,2,0,734,0,734,L1_Location=Watsonia,False,L1_Location=Watsonia|L2_RainToday=rain_today_yes
L1_Location=Watsonia|L2_RainToday=rain_today_yes|L3_Humidity3pm=others,3,287,0,287,0,L1_Location=Watsonia|L2_RainToday=rain_today_yes,True,L1_Location=Watsonia|L2_RainToday=rain_today_yes
L1_Location=Williamtown|L2_RainToday=others,2,177,0,177,0,L1_Location=Williamtown,True,ROOT
L1_Location=Williamtown|L2_RainToday=rain_today_no|L3_Humidity3pm=hum_low,3,552,0,552,0,L1_Location=Williamtown|L2_RainToday=rain_today_no,True,L1_Location=Williamtown|L2_RainToday=rain_today_no
L1_Location=Williamtown|L2_RainToday=rain_today_no,2,0,1741,0,1741,L1_Location=Williamtown,False,L1_Location=Williamtown|L2_RainToday=rain_today_no
L1_Location=Williamtown|L2_RainToday=rain_today_no|L3_Humidity3pm=hum_mid,3,1020,0,1020,0,L1_Location=Williamtown|L2_RainToday=rain_today_no,True,L1_Location=Williamtown|L2_RainToday=rain_today_no
L1_Location=Williamtown|L2_RainToday=rain_today_no|L3_Humidity3pm=others,3,169,0,169,0,L1_Location=Williamtown|L2_RainToday=rain_today_no,True,L1_Location=Williamtown|L2_RainToday=rain_today_no
L1_Location=Williamtown|L2_RainToday=rain_today_yes|L3_Humidity3pm=hum_mid,3,348,0,348,0,L1_Location=Williamtown|L2_RainToday=rain_today_yes,True,L1_Location=Williamtown|L2_RainToday=rain_today_yes
L1_Location=Williamtown|L2_RainToday=rain_today_yes,2,0,635,0,635,L1_Location=Williamtown,False,L1_Location=Williamtown|L2_RainToday=rain_today_yes
L1_Location=Williamtown|L2_RainToday=rain_today_yes|L3_Humidity3pm=others,3,287,0,287,0,L1_Location=Williamtown|L2_RainToday=rain_today_yes,True,L1_Location=Williamtown|L2_RainToday=rain_today_yes
L1_Location=Witchcliffe|L2_RainToday=others,2,28,0,28,0,L1_Location=Witchcliffe,True,L1_Location=Witchcliffe
L1_Location=Witchcliffe,1,0,28,0,28,ROOT,False,L1_Location=Witchcliffe
L1_Location=Witchcliffe|L2_RainToday=rain_today_no|L3_Humidity3pm=hum_mid,3,1464,0,1464,0,L1_Location=Witchcliffe|L2_RainToday=rain_today_no,True,L1_Location=Witchcliffe|L2_RainToday=rain_today_no
L1_Location=Witchcliffe|L2_RainToday=rain_today_no,2,0,2053,0,2053,L1_Location=Witchcliffe,False,L1_Location=Witchcliffe|L2_RainToday=rain_today_no
L1_Location=Witchcliffe|L2_RainToday=rain_today_no|L3_Humidity3pm=others,3,589,0,589,0,L1_Location=Witchcliffe|L2_RainToday=rain_today_no,True,L1_Location=Witchcliffe|L2_RainToday=rain_today_no
L1_Location=Witchcliffe|L2_RainToday=rain_today_yes|L3_Humidity3pm=hum_mid,3,504,0,504,0,L1_Location=Witchcliffe|L2_RainToday=rain_today_yes,True,L1_Location=Witchcliffe|L2_RainToday=rain_today_yes
L1_Location=Witchcliffe|L2_RainToday=rain_today_yes,2,0,871,0,871,L1_Location=Witchcliffe,False,L1_Location=Witchcliffe|L2_RainToday=rain_today_yes
L1_Location=Witchcliffe|L2_RainToday=rain_today_yes|L3_Humidity3pm=others,3,367,0,367,0,L1_Location=Witchcliffe|L2_RainToday=rain_today_yes,True,L1_Location=Witchcliffe|L2_RainToday=rain_today_yes
L1_Location=Wollongong|L2_RainToday=others,2,40,0,40,0,L1_Location=Wollongong,True,ROOT
L1_Location=Wollongong|L2_RainToday=rain_today_no|L3_Humidity3pm=hum_high,3,872,0,872,0,L1_Location=Wollongong|L2_RainToday=rain_today_no,True,ROOT
L1_Location=Wollongong|L2_RainToday=rain_today_no|L3_Humidity3pm=hum_mid,3,1071,0,1071,0,L1_Location=Wollongong|L2_RainToday=rain_today_no,True,ROOT
L1_Location=Wollongong|L2_RainToday=rain_today_no|L3_Humidity3pm=others,3,296,0,296,0,L1_Location=Wollongong|L2_RainToday=rain_today_no,True,ROOT
L1_Location=Wollongong|L2_RainToday=rain_today_yes|L3_Humidity3pm=hum_high,3,439,439,0,0,L1_Location=Wollongong|L2_RainToday=rain_today_yes,False,L1_Location=Wollongong|L2_RainToday=rain_today_yes|L3_Humidity3pm=hum_high
L1_Location=Wollongong|L2_RainToday=rain_today_yes|L3_Humidity3pm=others,3,265,0,265,0,L1_Location=Wollongong|L2_RainToday=rain_today_yes,True,L1_Location=Wollongong|L2_RainToday=rain_today_yes
L1_Location=Wollongong|L2_RainToday=rain_today_yes,2,0,265,0,265,L1_Location=Wollongong,False,L1_Location=Wollongong|L2_RainToday=rain_today_yes
L1_Location=Woomera|L2_RainToday=others,2,207,0,207,0,L1_Location=Woomera,True,ROOT
L1_Location=Woomera|L2_RainToday=rain_today_no|L3_Humidity3pm=hum_low,3,2280,0,2280,0,L1_Location=Woomera|L2_RainToday=rain_today_no,True,L1_Location=Woomera|L2_RainToday=rain_today_no
L1_Location=Woomera|L2_RainToday=rain_today_no,2,0,2783,0,2783,L1_Location=Woomera,False,L1_Location=Woomera|L2_RainToday=rain_today_no
L1_Location=Woomera|L2_RainToday=rain_today_no|L3_Humidity3pm=hum_mid,3,423,0,423,0,L1_Location=Woomera|L2_RainToday=rain_today_no,True,L1_Location=Woomera|L2_RainToday=rain_today_no
L1_Location=Woomera|L2_RainToday=rain_today_no|L3_Humidity3pm=others,3,80,0,80,0,L1_Location=Woomera|L2_RainToday=rain_today_no,True,L1_Location=Woomera|L2_RainToday=rain_today_no
