bucket_id,level,assigned_samples,used_local_decision,fallback_to_parent,parent_id,is_weak,effective_bucket_id,fallback_from_children
L1_Location=Adelaide|L2_RainToday=others,2,15,0,15,L1_Location=Adelaide,True,ROOT,0
ROOT,0,1419,6613,0,ROOT,False,ROOT,5194
L1_Location=Adelaide|L2_RainToday=rain_today_no|L3_Humidity3pm=hum_low,3,238,0,238,L1_Location=Adelaide|L2_RainToday=rain_today_no,True,L1_Location=Adelaide|L2_RainToday=rain_today_no,0
L1_Location=Adelaide|L2_RainToday=rain_today_no,2,0,455,0,L1_Location=Adelaide,False,L1_Location=Adelaide|L2_RainToday=rain_today_no,455
L1_Location=Adelaide|L2_RainToday=rain_today_no|L3_Humidity3pm=hum_mid,3,197,0,197,L1_Location=Adelaide|L2_RainToday=rain_today_no,True,L1_Location=Adelaide|L2_RainToday=rain_today_no,0
L1_Location=Adelaide|L2_RainToday=rain_today_no|L3_Humidity3pm=others,3,20,0,20,L1_Location=Adelaide|L2_RainToday=rain_today_no,True,L1_Location=Adelaide|L2_RainToday=rain_today_no,0
L1_Location=Adelaide|L2_RainToday=rain_today_yes|L3_Humidity3pm=hum_mid,3,86,0,86,L1_Location=Adelaide|L2_RainToday=rain_today_yes,True,ROOT,0
L1_Location=Adelaide|L2_RainToday=rain_today_yes|L3_Humidity3pm=others,3,42,0,42,L1_Location=Adelaide|L2_RainToday=rain_today_yes,True,ROOT,0
L1_Location=Albany|L2_RainToday=others,2,1,0,1,L1_Location=Albany,True,L1_Location=Albany,0
L1_Location=Albany,1,0,116,0,ROOT,False,L1_Location=Albany,116
L1_Location=Albany|L2_RainToday=rain_today_no|L3_Humidity3pm=hum_high,3,120,120,0,L1_Location=Albany|L2_RainToday=rain_today_no,False,L1_Location=Albany|L2_RainToday=rain_today_no|L3_Humidity3pm=hum_high,0
L1_Location=Albany|L2_RainToday=rain_today_no|L3_Humidity3pm=hum_mid,3,171,171,0,L1_Location=Albany|L2_RainToday=rain_today_no,False,L1_Location=Albany|L2_RainToday=rain_today_no|L3_Humidity3pm=hum_mid,0
L1_Location=Albany|L2_RainToday=rain_today_no|L3_Humidity3pm=others,3,11,0,11,L1_Location=Albany|L2_RainToday=rain_today_no,True,L1_Location=Albany,0
L1_Location=Albany|L2_RainToday=rain_today_no|L3_Humidity3pm=unknown,3,104,0,104,L1_Location=Albany|L2_RainToday=rain_today_no,True,L1_Location=Albany,0
L1_Location=Albany|L2_RainToday=rain_today_yes|L3_Humidity3pm=hum_mid,3,77,0,77,L1_Location=Albany|L2_RainToday=rain_today_yes,True,L1_Location=Albany|L2_RainToday=rain_today_yes,0
L1_Location=Albany|L2_RainToday=rain_today_yes,2,0,181,0,L1_Location=Albany,False,L1_Location=Albany|L2_RainToday=rain_today_yes,181
L1_Location=Albany|L2_RainToday=rain_today_yes|L3_Humidity3pm=others,3,104,0,104,L1_Location=Albany|L2_RainToday=rain_today_yes,True,L1_Location=Albany|L2_RainToday=rain_today_yes,0
L1_Location=Albury|L2_RainToday=others,2,3,0,3,L1_Location=Albury,True,L1_Location=Albury,0
L1_Location=Albury,1,0,602,0,ROOT,False,L1_Location=Albury,602
L1_Location=Albury|L2_RainToday=rain_today_no|L3_Humidity3pm=hum_low,3,211,0,211,L1_Location=Albury|L2_RainToday=rain_today_no,True,L1_Location=Albury,0
L1_Location=Albury|L2_RainToday=rain_today_no|L3_Humidity3pm=hum_mid,3,215,0,215,L1_Location=Albury|L2_RainToday=rain_today_no,True,L1_Location=Albury,0
L1_Location=Albury|L2_RainToday=rain_today_no|L3_Humidity3pm=others,3,42,0,42,L1_Location=Albury|L2_RainToday=rain_today_no,True,L1_Location=Albury,0
L1_Location=Albury|L2_RainToday=rain_today_yes,2,131,0,131,L1_Location=Albury,True,L1_Location=Albury,0
L1_Location=AliceSprings|L2_RainToday=others,2,42,0,42,L1_Location=AliceSprings,True,L1_Location=AliceSprings,0
L1_Location=AliceSprings,1,0,616,0,ROOT,False,L1_Location=AliceSprings,616
L1_Location=AliceSprings|L2_RainToday=rain_today_no|L3_Humidity3pm=hum_low,3,529,0,529,L1_Location=AliceSprings|L2_RainToday=rain_today_no,True,L1_Location=AliceSprings,0
L1_Location=AliceSprings|L2_RainToday=rain_today_no|L3_Humidity3pm=others,3,45,0,45,L1_Location=AliceSprings|L2_RainToday=rain_today_no,True,L1_Location=AliceSprings,0
L1_Location=BadgerysCreek|L2_RainToday=others,2,7,0,7,L1_Location=BadgerysCreek,True,ROOT,0
L1_Location=BadgerysCreek|L2_RainToday=rain_today_no|L3_Humidity3pm=hum_low,3,146,0,146,L1_Location=BadgerysCreek|L2_RainToday=rain_today_no,True,L1_Location=BadgerysCreek|L2_RainToday=rain_today_no,0
L1_Location=BadgerysCreek|L2_RainToday=rain_today_no,2,0,445,0,L1_Location=BadgerysCreek,False,L1_Location=BadgerysCreek|L2_RainToday=rain_today_no,445
L1_Location=BadgerysCreek|L2_RainToday=rain_today_no|L3_Humidity3pm=hum_mid,3,268,0,268,L1_Location=BadgerysCreek|L2_RainToday=rain_today_no,True,L1_Location=BadgerysCreek|L2_RainToday=rain_today_no,0
L1_Location=BadgerysCreek|L2_RainToday=rain_today_no|L3_Humidity3pm=others,3,31,0,31,L1_Location=BadgerysCreek|L2_RainToday=rain_today_no,True,L1_Location=BadgerysCreek|L2_RainToday=rain_today_no,0
L1_Location=BadgerysCreek|L2_RainToday=rain_today_yes,2,113,0,113,L1_Location=BadgerysCreek,True,ROOT,0
L1_Location=Ballarat|L2_RainToday=others,2,1,0,1,L1_Location=Ballarat,True,ROOT,0
L1_Location=Ballarat|L2_RainToday=rain_today_no|L3_Humidity3pm=hum_high,3,96,96,0,L1_Location=Ballarat|L2_RainToday=rain_today_no,False,L1_Location=Ballarat|L2_RainToday=rain_today_no|L3_Humidity3pm=hum_high,0
L1_Location=Ballarat|L2_RainToday=rain_today_no|L3_Humidity3pm=hum_low,3,135,0,135,L1_Location=Ballarat|L2_RainToday=rain_today_no,True,L1_Location=Ballarat|L2_RainToday=rain_today_no,0
L1_Location=Ballarat|L2_RainToday=rain_today_no,2,0,341,0,L1_Location=Ballarat,False,L1_Location=Ballarat|L2_RainToday=rain_today_no,341
L1_Location=Ballarat|L2_RainToday=rain_today_no|L3_Humidity3pm=hum_mid,3,205,0,205,L1_Location=Ballarat|L2_RainToday=rain_today_no,True,L1_Location=Ballarat|L2_RainToday=rain_today_no,0
L1_Location=Ballarat|L2_RainToday=rain_today_no|L3_Humidity3pm=others,3,1,0,1,L1_Location=Ballarat|L2_RainToday=rain_today_no,True,L1_Location=Ballarat|L2_RainToday=rain_today_no,0
L1_Location=Ballarat|L2_RainToday=rain_today_yes|L3_Humidity3pm=hum_high,3,80,0,80,L1_Location=Ballarat|L2_RainToday=rain_today_yes,True,L1_Location=Ballarat|L2_RainToday=rain_today_yes,0
L1_Location=Ballarat|L2_RainToday=rain_today_yes,2,0,143,0,L1_Location=Ballarat,False,L1_Location=Ballarat|L2_RainToday=rain_today_yes,143
L1_Location=Ballarat|L2_RainToday=rain_today_yes|L3_Humidity3pm=others,3,63,0,63,L1_Location=Ballarat|L2_RainToday=rain_today_yes,True,L1_Location=Ballarat|L2_RainToday=rain_today_yes,0
L1_Location=Bendigo|L2_RainToday=rain_today_no|L3_Humidity3pm=hum_low,3,239,0,239,L1_Location=Bendigo|L2_RainToday=rain_today_no,True,L1_Location=Bendigo,0
L1_Location=Bendigo,1,0,605,0,ROOT,False,L1_Location=Bendigo,605
L1_Location=Bendigo|L2_RainToday=rain_today_no|L3_Humidity3pm=hum_mid,3,226,0,226,L1_Location=Bendigo|L2_RainToday=rain_today_no,True,L1_Location=Bendigo,0
L1_Location=Bendigo|L2_RainToday=rain_today_no|L3_Humidity3pm=others,3,29,0,29,L1_Location=Bendigo|L2_RainToday=rain_today_no,True,L1_Location=Bendigo,0
L1_Location=Bendigo|L2_RainToday=rain_today_yes,2,111,0,111,L1_Location=Bendigo,True,L1_Location=Bendigo,0
L1_Location=Brisbane|L2_RainToday=others,2,8,0,8,L1_Location=Brisbane,True,L1_Location=Brisbane,0
L1_Location=Brisbane,1,0,151,0,ROOT,False,L1_Location=Brisbane,151
L1_Location=Brisbane|L2_RainToday=rain_today_no|L3_Humidity3pm=hum_low,3,88,0,88,L1_Location=Brisbane|L2_RainToday=rain_today_no,True,L1_Location=Brisbane|L2_RainToday=rain_today_no,0
L1_Location=Brisbane|L2_RainToday=rain_today_no,2,0,496,0,L1_Location=Brisbane,False,L1_Location=Brisbane|L2_RainToday=rain_today_no,496
L1_Location=Brisbane|L2_RainToday=rain_today_no|L3_Humidity3pm=hum_mid,3,388,0,388,L1_Location=Brisbane|L2_RainToday=rain_today_no,True,L1_Location=Brisbane|L2_RainToday=rain_today_no,0
L1_Location=Brisbane|L2_RainToday=rain_today_no|L3_Humidity3pm=others,3,20,0,20,L1_Location=Brisbane|L2_RainToday=rain_today_no,True,L1_Location=Brisbane|L2_RainToday=rain_today_no,0
L1_Location=Brisbane|L2_RainToday=rain_today_yes|L3_Humidity3pm=hum_mid,3,89,0,89,L1_Location=Brisbane|L2_RainToday=rain_today_yes,True,L1_Location=Brisbane,0
L1_Location=Brisbane|L2_RainToday=rain_today_yes|L3_Humidity3pm=others,3,54,0,54,L1_Location=Brisbane|L2_RainToday=rain_today_yes,True,L1_Location=Brisbane,0
L1_Location=Cairns|L2_RainToday=others,2,6,0,6,L1_Location=Cairns,True,L1_Location=Cairns,0
L1_Location=Cairns,1,0,6,0,ROOT,False,L1_Location=Cairns,6
L1_Location=Cairns|L2_RainToday=rain_today_no|L3_Humidity3pm=hum_mid,3,324,0,324,L1_Location=Cairns|L2_RainToday=rain_today_no,True,L1_Location=Cairns|L2_RainToday=rain_today_no,0
L1_Location=Cairns|L2_RainToday=rain_today_no,2,0,403,0,L1_Location=Cairns,False,L1_Location=Cairns|L2_RainToday=rain_today_no,403
L1_Location=Cairns|L2_RainToday=rain_today_no|L3_Humidity3pm=others,3,79,0,79,L1_Location=Cairns|L2_RainToday=rain_today_no,True,L1_Location=Cairns|L2_RainToday=rain_today_no,0
L1_Location=Cairns|L2_RainToday=rain_today_yes|L3_Humidity3pm=hum_high,3,106,0,106,L1_Location=Cairns|L2_RainToday=rain_today_yes,True,L1_Location=Cairns|L2_RainToday=rain_today_yes,0
L1_Location=Cairns|L2_RainToday=rain_today_yes,2,0,212,0,L1_Location=Cairns,False,L1_Location=Cairns|L2_RainToday=rain_today_yes,212
L1_Location=Cairns|L2_RainToday=rain_today_yes|L3_Humidity3pm=hum_mid,3,101,0,101,L1_Location=Cairns|L2_RainToday=rain_today_yes,True,L1_Location=Cairns|L2_RainToday=rain_today_yes,0
L1_Location=Cairns|L2_RainToday=rain_today_yes|L3_Humidity3pm=others,3,5,0,5,L1_Location=Cairns|L2_RainToday=rain_today_yes,True,L1_Location=Cairns|L2_RainToday=rain_today_yes,0
L1_Location=Canberra|L2_RainToday=others,2,4,0,4,L1_Location=Canberra,True,ROOT,0
L1_Location=Canberra|L2_RainToday=rain_today_no|L3_Humidity3pm=hum_low,3,255,0,255,L1_Location=Canberra|L2_RainToday=rain_today_no,True,L1_Location=Canberra|L2_RainToday=rain_today_no,0
L1_Location=Canberra|L2_RainToday=rain_today_no,2,0,555,0,L1_Location=Canberra,False,L1_Location=Canberra|L2_RainToday=rain_today_no,555
L1_Location=Canberra|L2_RainToday=rain_today_no|L3_Humidity3pm=hum_mid,3,266,0,266,L1_Location=Canberra|L2_RainToday=rain_today_no,True,L1_Location=Canberra|L2_RainToday=rain_today_no,0
L1_Location=Canberra|L2_RainToday=rain_today_no|L3_Humidity3pm=others,3,34,0,34,L1_Location=Canberra|L2_RainToday=rain_today_no,True,L1_Location=Canberra|L2_RainToday=rain_today_no,0
L1_Location=Canberra|L2_RainToday=rain_today_yes,2,130,130,0,L1_Location=Canberra,False,L1_Location=Canberra|L2_RainToday=rain_today_yes,0
L1_Location=Cobar|L2_RainToday=rain_today_no|L3_Humidity3pm=hum_low,3,365,0,365,L1_Location=Cobar|L2_RainToday=rain_today_no,True,L1_Location=Cobar,0
L1_Location=Cobar,1,0,567,0,ROOT,False,L1_Location=Cobar,567
L1_Location=Cobar|L2_RainToday=rain_today_no|L3_Humidity3pm=hum_mid,3,93,0,93,L1_Location=Cobar|L2_RainToday=rain_today_no,True,L1_Location=Cobar,0
L1_Location=Cobar|L2_RainToday=rain_today_no|L3_Humidity3pm=others,3,37,0,37,L1_Location=Cobar|L2_RainToday=rain_today_no,True,L1_Location=Cobar,0
L1_Location=Cobar|L2_RainToday=rain_today_yes,2,72,0,72,L1_Location=Cobar,True,L1_Location=Cobar,0
L1_Location=CoffsHarbour|L2_RainToday=others,2,1,0,1,L1_Location=CoffsHarbour,True,ROOT,0
L1_Location=CoffsHarbour|L2_RainToday=rain_today_no|L3_Humidity3pm=hum_mid,3,287,0,287,L1_Location=CoffsHarbour|L2_RainToday=rain_today_no,True,ROOT,0
L1_Location=CoffsHarbour|L2_RainToday=rain_today_no|L3_Humidity3pm=others,3,103,0,103,L1_Location=CoffsHarbour|L2_RainToday=rain_today_no,True,ROOT,0
L1_Location=CoffsHarbour|L2_RainToday=rain_today_yes|L3_Humidity3pm=hum_high,3,83,83,0,L1_Location=CoffsHarbour|L2_RainToday=rain_today_yes,False,L1_Location=CoffsHarbour|L2_RainToday=rain_today_yes|L3_Humidity3pm=hum_high,0
L1_Location=CoffsHarbour|L2_RainToday=rain_today_yes|L3_Humidity3pm=hum_mid,3,93,0,93,L1_Location=CoffsHarbour|L2_RainToday=rain_today_yes,True,L1_Location=CoffsHarbour|L2_RainToday=rain_today_yes,0
L1_Location=CoffsHarbour|L2_RainToday=rain_today_yes,2,0,100,0,L1_Location=CoffsHarbour,False,L1_Location=CoffsHarbour|L2_RainToday=rain_today_yes,100
L1_Location=CoffsHarbour|L2_RainToday=rain_today_yes|L3_Humidity3pm=others,3,7,0,7,L1_Location=CoffsHarbour|L2_RainToday=rain_today_yes,True,L1_Location=CoffsHarbour|L2_RainToday=rain_today_yes,0
L1_Location=Dartmoor|L2_RainToday=others,2,2,0,2,L1_Location=Dartmoor,True,L1_Location=Dartmoor,0
L1_Location=Dartmoor,1,0,294,0,ROOT,False,L1_Location=Dartmoor,294
L1_Location=Dartmoor|L2_RainToday=rain_today_no|L3_Humidity3pm=hum_high,3,85,85,0,L1_Location=Dartmoor|L2_RainToday=rain_today_no,False,L1_Location=Dartmoor|L2_RainToday=rain_today_no|L3_Humidity3pm=hum_high,0
L1_Location=Dartmoor|L2_RainToday=rain_today_no|L3_Humidity3pm=hum_low,3,70,0,70,L1_Location=Dartmoor|L2_RainToday=rain_today_no,True,L1_Location=Dartmoor,0
L1_Location=Dartmoor|L2_RainToday=rain_today_no|L3_Humidity3pm=hum_mid,3,204,0,204,L1_Location=Dartmoor|L2_RainToday=rain_today_no,True,L1_Location=Dartmoor,0
L1_Location=Dartmoor|L2_RainToday=rain_today_no|L3_Humidity3pm=others,3,18,0,18,L1_Location=Dartmoor|L2_RainToday=rain_today_no,True,L1_Location=Dartmoor,0
L1_Location=Dartmoor|L2_RainToday=rain_today_yes|L3_Humidity3pm=hum_high,3,93,93,0,L1_Location=Dartmoor|L2_RainToday=rain_today_yes,False,L1_Location=Dartmoor|L2_RainToday=rain_today_yes|L3_Humidity3pm=hum_high,0
L1_Location=Dartmoor|L2_RainToday=rain_today_yes|L3_Humidity3pm=others,3,80,0,80,L1_Location=Dartmoor|L2_RainToday=rain_today_yes,True,L1_Location=Dartmoor|L2_RainToday=rain_today_yes,0
L1_Location=Dartmoor|L2_RainToday=rain_today_yes,2,0,80,0,L1_Location=Dartmoor,False,L1_Location=Dartmoor|L2_RainToday=rain_today_yes,80
L1_Location=Darwin|L2_RainToday=rain_today_no|L3_Humidity3pm=hum_low,3,157,0,157,L1_Location=Darwin|L2_RainToday=rain_today_no,True,L1_Location=Darwin|L2_RainToday=rain_today_no,0
L1_Location=Darwin|L2_RainToday=rain_today_no,2,0,448,0,L1_Location=Darwin,False,L1_Location=Darwin|L2_RainToday=rain_today_no,448
L1_Location=Darwin|L2_RainToday=rain_today_no|L3_Humidity3pm=hum_mid,3,272,0,272,L1_Location=Darwin|L2_RainToday=rain_today_no,True,L1_Location=Darwin|L2_RainToday=rain_today_no,0
L1_Location=Darwin|L2_RainToday=rain_today_no|L3_Humidity3pm=others,3,19,0,19,L1_Location=Darwin|L2_RainToday=rain_today_no,True,L1_Location=Darwin|L2_RainToday=rain_today_no,0
L1_Location=Darwin|L2_RainToday=rain_today_yes|L3_Humidity3pm=hum_mid,3,94,0,94,L1_Location=Darwin|L2_RainToday=rain_today_yes,True,L1_Location=Darwin,0
L1_Location=Darwin,1,0,176,0,ROOT,False,L1_Location=Darwin,176
L1_Location=Darwin|L2_RainToday=rain_today_yes|L3_Humidity3pm=others,3,82,0,82,L1_Location=Darwin|L2_RainToday=rain_today_yes,True,L1_Location=Darwin,0
L1_Location=GoldCoast|L2_RainToday=others,2,15,0,15,L1_Location=GoldCoast,True,ROOT,0
L1_Location=GoldCoast|L2_RainToday=rain_today_no|L3_Humidity3pm=hum_mid,3,331,0,331,L1_Location=GoldCoast|L2_RainToday=rain_today_no,True,L1_Location=GoldCoast|L2_RainToday=rain_today_no,0
L1_Location=GoldCoast|L2_RainToday=rain_today_no,2,0,448,0,L1_Location=GoldCoast,False,L1_Location=GoldCoast|L2_RainToday=rain_today_no,448
L1_Location=GoldCoast|L2_RainToday=rain_today_no|L3_Humidity3pm=others,3,117,0,117,L1_Location=GoldCoast|L2_RainToday=rain_today_no,True,L1_Location=GoldCoast|L2_RainToday=rain_today_no,0
L1_Location=GoldCoast|L2_RainToday=rain_today_yes|L3_Humidity3pm=hum_high,3,73,0,73,L1_Location=GoldCoast|L2_RainToday=rain_today_yes,True,L1_Location=GoldCoast|L2_RainToday=rain_today_yes,0
L1_Location=GoldCoast|L2_RainToday=rain_today_yes,2,0,151,0,L1_Location=GoldCoast,False,L1_Location=GoldCoast|L2_RainToday=rain_today_yes,151
L1_Location=GoldCoast|L2_RainToday=rain_today_yes|L3_Humidity3pm=others,3,78,0,78,L1_Location=GoldCoast|L2_RainToday=rain_today_yes,True,L1_Location=GoldCoast|L2_RainToday=rain_today_yes,0
L1_Location=Hobart|L2_RainToday=others,2,2,0,2,L1_Location=Hobart,True,ROOT,0
L1_Location=Hobart|L2_RainToday=rain_today_no|L3_Humidity3pm=hum_low,3,114,0,114,L1_Location=Hobart|L2_RainToday=rain_today_no,True,ROOT,0
L1_Location=Hobart|L2_RainToday=rain_today_no|L3_Humidity3pm=hum_mid,3,326,326,0,L1_Location=Hobart|L2_RainToday=rain_today_no,False,L1_Location=Hobart|L2_RainToday=rain_today_no|L3_Humidity3pm=hum_mid,0
L1_Location=Hobart|L2_RainToday=rain_today_no|L3_Humidity3pm=others,3,52,0,52,L1_Location=Hobart|L2_RainToday=rain_today_no,True,ROOT,0
L1_Location=Hobart|L2_RainToday=rain_today_yes|L3_Humidity3pm=hum_mid,3,82,0,82,L1_Location=Hobart|L2_RainToday=rain_today_yes,True,L1_Location=Hobart|L2_RainToday=rain_today_yes,0
L1_Location=Hobart|L2_RainToday=rain_today_yes,2,0,143,0,L1_Location=Hobart,False,L1_Location=Hobart|L2_RainToday=rain_today_yes,143
L1_Location=Hobart|L2_RainToday=rain_today_yes|L3_Humidity3pm=others,3,61,0,61,L1_Location=Hobart|L2_RainToday=rain_today_yes,True,L1_Location=Hobart|L2_RainToday=rain_today_yes,0
L1_Location=Launceston|L2_RainToday=rain_today_no|L3_Humidity3pm=hum_high,3,73,0,73,L1_Location=Launceston|L2_RainToday=rain_today_no,True,L1_Location=Launceston,0
L1_Location=Launceston,1,0,575,0,ROOT,False,L1_Location=Launceston,575
L1_Location=Launceston|L2_RainToday=rain_today_no|L3_Humidity3pm=hum_low,3,86,0,86,L1_Location=Launceston|L2_RainToday=rain_today_no,True,L1_Location=Launceston,0
L1_Location=Launceston|L2_RainToday=rain_today_no|L3_Humidity3pm=hum_mid,3,268,0,268,L1_Location=Launceston|L2_RainToday=rain_today_no,True,L1_Location=Launceston,0
L1_Location=Launceston|L2_RainToday=rain_today_no|L3_Humidity3pm=others,3,2,0,2,L1_Location=Launceston|L2_RainToday=rain_today_no,True,L1_Location=Launceston,0
L1_Location=Launceston|L2_RainToday=rain_today_yes,2,146,0,146,L1_Location=Launceston,True,L1_Location=Launceston,0
L1_Location=MelbourneAirport|L2_RainToday=rain_today_no|L3_Humidity3pm=hum_low,3,163,0,163,L1_Location=MelbourneAirport|L2_RainToday=rain_today_no,True,ROOT,0
L1_Location=MelbourneAirport|L2_RainToday=rain_today_no|L3_Humidity3pm=hum_mid,3,291,0,291,L1_Location=MelbourneAirport|L2_RainToday=rain_today_no,True,ROOT,0
L1_Location=MelbourneAirport|L2_RainToday=rain_today_no|L3_Humidity3pm=others,3,61,0,61,L1_Location=MelbourneAirport|L2_RainToday=rain_today_no,True,ROOT,0
L1_Location=MelbourneAirport|L2_RainToday=rain_today_yes|L3_Humidity3pm=hum_mid,3,83,0,83,L1_Location=MelbourneAirport|L2_RainToday=rain_today_yes,True,L1_Location=MelbourneAirport|L2_RainToday=rain_today_yes,0
L1_Location=MelbourneAirport|L2_RainToday=rain_today_yes,2,0,136,0,L1_Location=MelbourneAirport,False,L1_Location=MelbourneAirport|L2_RainToday=rain_today_yes,136
L1_Location=MelbourneAirport|L2_RainToday=rain_today_yes|L3_Humidity3pm=others,3,53,0,53,L1_Location=MelbourneAirport|L2_RainToday=rain_today_yes,True,L1_Location=MelbourneAirport|L2_RainToday=rain_today_yes,0
L1_Location=Melbourne|L2_RainToday=others,2,22,0,22,L1_Location=Melbourne,True,ROOT,0
L1_Location=Melbourne|L2_RainToday=rain_today_no|L3_Humidity3pm=hum_low,3,95,0,95,L1_Location=Melbourne|L2_RainToday=rain_today_no,True,L1_Location=Melbourne|L2_RainToday=rain_today_no,0
L1_Location=Melbourne|L2_RainToday=rain_today_no,2,0,356,0,L1_Location=Melbourne,False,L1_Location=Melbourne|L2_RainToday=rain_today_no,356
L1_Location=Melbourne|L2_RainToday=rain_today_no|L3_Humidity3pm=hum_mid,3,232,0,232,L1_Location=Melbourne|L2_RainToday=rain_today_no,True,L1_Location=Melbourne|L2_RainToday=rain_today_no,0
L1_Location=Melbourne|L2_RainToday=rain_today_no|L3_Humidity3pm=others,3,29,0,29,L1_Location=Melbourne|L2_RainToday=rain_today_no,True,L1_Location=Melbourne|L2_RainToday=rain_today_no,0
L1_Location=Melbourne|L2_RainToday=rain_today_yes|L3_Humidity3pm=hum_mid,3,80,0,80,L1_Location=Melbourne|L2_RainToday=rain_today_yes,True,L1_Location=Melbourne|L2_RainToday=rain_today_yes,0
L1_Location=Melbourne|L2_RainToday=rain_today_yes,2,0,124,0,L1_Location=Melbourne,False,L1_Location=Melbourne|L2_RainToday=rain_today_yes,124
L1_Location=Melbourne|L2_RainToday=rain_today_yes|L3_Humidity3pm=others,3,44,0,44,L1_Location=Melbourne|L2_RainToday=rain_today_yes,True,L1_Location=Melbourne|L2_RainToday=rain_today_yes,0
L1_Location=Mildura|L2_RainToday=others,2,65,0,65,L1_Location=Mildura,True,ROOT,0
L1_Location=Mildura|L2_RainToday=rain_today_no|L3_Humidity3pm=hum_low,3,374,0,374,L1_Location=Mildura|L2_RainToday=rain_today_no,True,L1_Location=Mildura|L2_RainToday=rain_today_no,0
L1_Location=Mildura|L2_RainToday=rain_today_no,2,0,544,0,L1_Location=Mildura,False,L1_Location=Mildura|L2_RainToday=rain_today_no,544
L1_Location=Mildura|L2_RainToday=rain_today_no|L3_Humidity3pm=hum_mid,3,148,0,148,L1_Location=Mildura|L2_RainToday=rain_today_no,True,L1_Location=Mildura|L2_RainToday=rain_today_no,0
L1_Location=Mildura|L2_RainToday=rain_today_no|L3_Humidity3pm=others,3,22,0,22,L1_Location=Mildura|L2_RainToday=rain_today_no,True,L1_Location=Mildura|L2_RainToday=rain_today_no,0
L1_Location=Moree|L2_RainToday=others,2,15,0,15,L1_Location=Moree,True,L1_Location=Moree,0
L1_Location=Moree,1,0,15,0,ROOT,False,L1_Location=Moree,15
L1_Location=Moree|L2_RainToday=rain_today_no|L3_Humidity3pm=hum_low,3,339,0,339,L1_Location=Moree|L2_RainToday=rain_today_no,True,L1_Location=Moree|L2_RainToday=rain_today_no,0
L1_Location=Moree|L2_RainToday=rain_today_no,2,0,427,0,L1_Location=Moree,False,L1_Location=Moree|L2_RainToday=rain_today_no,427
L1_Location=Moree|L2_RainToday=rain_today_no|L3_Humidity3pm=hum_mid,3,75,0,75,L1_Location=Moree|L2_RainToday=rain_today_no,True,L1_Location=Moree|L2_RainToday=rain_today_no,0
L1_Location=Moree|L2_RainToday=rain_today_no|L3_Humidity3pm=others,3,13,0,13,L1_Location=Moree|L2_RainToday=rain_today_no,True,L1_Location=Moree|L2_RainToday=rain_today_no,0
L1_Location=Moree|L2_RainToday=rain_today_yes,2,74,74,0,L1_Location=Moree,False,L1_Location=Moree|L2_RainToday=rain_today_yes,0
L1_Location=MountGambier|L2_RainToday=others,2,2,0,2,L1_Location=MountGambier,True,L1_Location=MountGambier,0
L1_Location=MountGambier,1,0,596,0,ROOT,False,L1_Location=MountGambier,596
L1_Location=MountGambier|L2_RainToday=rain_today_no|L3_Humidity3pm=hum_low,3,110,0,110,L1_Location=MountGambier|L2_RainToday=rain_today_no,True,L1_Location=MountGambier,0
L1_Location=MountGambier|L2_RainToday=rain_today_no|L3_Humidity3pm=hum_mid,3,225,0,225,L1_Location=MountGambier|L2_RainToday=rain_today_no,True,L1_Location=MountGambier,0
L1_Location=MountGambier|L2_RainToday=rain_today_no|L3_Humidity3pm=others,3,76,0,76,L1_Location=MountGambier|L2_RainToday=rain_today_no,True,L1_Location=MountGambier,0
L1_Location=MountGambier|L2_RainToday=rain_today_yes|L3_Humidity3pm=hum_high,3,83,0,83,L1_Location=MountGambier|L2_RainToday=rain_today_yes,True,L1_Location=MountGambier,0
L1_Location=MountGambier|L2_RainToday=rain_today_yes|L3_Humidity3pm=hum_mid,3,99,0,99,L1_Location=MountGambier|L2_RainToday=rain_today_yes,True,L1_Location=MountGambier,0
L1_Location=MountGambier|L2_RainToday=rain_today_yes|L3_Humidity3pm=others,3,1,0,1,L1_Location=MountGambier|L2_RainToday=rain_today_yes,True,L1_Location=MountGambier,0
L1_Location=MountGinini|L2_RainToday=others,2,16,0,16,L1_Location=MountGinini,True,ROOT,0
L1_Location=MountGinini|L2_RainToday=rain_today_no|L3_Humidity3pm=hum_high,3,140,140,0,L1_Location=MountGinini|L2_RainToday=rain_today_no,False,L1_Location=MountGinini|L2_RainToday=rain_today_no|L3_Humidity3pm=hum_high,0
L1_Location=MountGinini|L2_RainToday=rain_today_no|L3_Humidity3pm=hum_mid,3,150,0,150,L1_Location=MountGinini|L2_RainToday=rain_today_no,True,L1_Location=MountGinini|L2_RainToday=rain_today_no,0
L1_Location=MountGinini|L2_RainToday=rain_today_no,2,0,229,0,L1_Location=MountGinini,False,L1_Location=MountGinini|L2_RainToday=rain_today_no,229
L1_Location=MountGinini|L2_RainToday=rain_today_no|L3_Humidity3pm=others,3,79,0,79,L1_Location=MountGinini|L2_RainToday=rain_today_no,True,L1_Location=MountGinini|L2_RainToday=rain_today_no,0
L1_Location=MountGinini|L2_RainToday=rain_today_yes|L3_Humidity3pm=hum_high,3,112,0,112,L1_Location=MountGinini|L2_RainToday=rain_today_yes,True,L1_Location=MountGinini|L2_RainToday=rain_today_yes,0
L1_Location=MountGinini|L2_RainToday=rain_today_yes,2,0,161,0,L1_Location=MountGinini,False,L1_Location=MountGinini|L2_RainToday=rain_today_yes,161
L1_Location=MountGinini|L2_RainToday=rain_today_yes|L3_Humidity3pm=others,3,49,0,49,L1_Location=MountGinini|L2_RainToday=rain_today_yes,True,L1_Location=MountGinini|L2_RainToday=rain_today_yes,0
L1_Location=Newcastle|L2_RainToday=others,2,2,0,2,L1_Location=Newcastle,True,ROOT,0
L1_Location=Newcastle|L2_RainToday=rain_today_no|L3_Humidity3pm=hum_mid,3,218,0,218,L1_Location=Newcastle|L2_RainToday=rain_today_no,True,ROOT,0
L1_Location=Newcastle|L2_RainToday=rain_today_no|L3_Humidity3pm=others,3,112,0,112,L1_Location=Newcastle|L2_RainToday=rain_today_no,True,ROOT,0
L1_Location=Newcastle|L2_RainToday=rain_today_no|L3_Humidity3pm=unknown,3,132,0,132,L1_Location=Newcastle|L2_RainToday=rain_today_no,True,ROOT,0
L1_Location=Newcastle|L2_RainToday=rain_today_yes,2,138,138,0,L1_Location=Newcastle,False,L1_Location=Newcastle|L2_RainToday=rain_today_yes,0
L1_Location=NorahHead|L2_RainToday=others,2,11,0,11,L1_Location=NorahHead,True,ROOT,0
L1_Location=NorahHead|L2_RainToday=rain_today_no|L3_Humidity3pm=hum_high,3,185,0,185,L1_Location=NorahHead|L2_RainToday=rain_today_no,True,ROOT,0
L1_Location=NorahHead|L2_RainToday=rain_today_no|L3_Humidity3pm=hum_mid,3,223,0,223,L1_Location=NorahHead|L2_RainToday=rain_today_no,True,ROOT,0
L1_Location=NorahHead|L2_RainToday=rain_today_no|L3_Humidity3pm=others,3,31,0,31,L1_Location=NorahHead|L2_RainToday=rain_today_no,True,ROOT,0
L1_Location=NorahHead|L2_RainToday=rain_today_yes|L3_Humidity3pm=hum_high,3,93,93,0,L1_Location=NorahHead|L2_RainToday=rain_today_yes,False,L1_Location=NorahHead|L2_RainToday=rain_today_yes|L3_Humidity3pm=hum_high,0
L1_Location=NorahHead|L2_RainToday=rain_today_yes|L3_Humidity3pm=others,3,54,0,54,L1_Location=NorahHead|L2_RainToday=rain_today_yes,True,L1_Location=NorahHead|L2_RainToday=rain_today_yes,0
L1_Location=NorahHead|L2_RainToday=rain_today_yes,2,0,54,0,L1_Location=NorahHead,False,L1_Location=NorahHead|L2_RainToday=rain_today_yes,54
L1_Location=NorfolkIsland|L2_RainToday=others,2,5,0,5,L1_Location=NorfolkIsland,True,ROOT,0
L1_Location=NorfolkIsland|L2_RainToday=rain_today_no|L3_Humidity3pm=hum_high,3,143,0,143,L1_Location=NorfolkIsland|L2_RainToday=rain_today_no,True,L1_Location=NorfolkIsland|L2_RainToday=rain_today_no,0
L1_Location=NorfolkIsland|L2_RainToday=rain_today_no,2,0,438,0,L1_Location=NorfolkIsland,False,L1_Location=NorfolkIsland|L2_RainToday=rain_today_no,438
L1_Location=NorfolkIsland|L2_RainToday=rain_today_no|L3_Humidity3pm=hum_mid,3,294,0,294,L1_Location=NorfolkIsland|L2_RainToday=rain_today_no,True,L1_Location=NorfolkIsland|L2_RainToday=rain_today_no,0
L1_Location=NorfolkIsland|L2_RainToday=rain_today_no|L3_Humidity3pm=others,3,1,0,1,L1_Location=NorfolkIsland|L2_RainToday=rain_today_no,True,L1_Location=NorfolkIsland|L2_RainToday=rain_today_no,0
L1_Location=NorfolkIsland|L2_RainToday=rain_today_yes|L3_Humidity3pm=hum_high,3,100,0,100,L1_Location=NorfolkIsland|L2_RainToday=rain_today_yes,True,L1_Location=NorfolkIsland|L2_RainToday=rain_today_yes,0
L1_Location=NorfolkIsland|L2_RainToday=rain_today_yes,2,0,189,0,L1_Location=NorfolkIsland,False,L1_Location=NorfolkIsland|L2_RainToday=rain_today_yes,189
L1_Location=NorfolkIsland|L2_RainToday=rain_today_yes|L3_Humidity3pm=hum_mid,3,89,0,89,L1_Location=NorfolkIsland|L2_RainToday=rain_today_yes,True,L1_Location=NorfolkIsland|L2_RainToday=rain_today_yes,0
L1_Location=Nuriootpa|L2_RainToday=others,2,2,0,2,L1_Location=Nuriootpa,True,L1_Location=Nuriootpa,0
L1_Location=Nuriootpa,1,0,642,0,ROOT,False,L1_Location=Nuriootpa,642
L1_Location=Nuriootpa|L2_RainToday=rain_today_no|L3_Humidity3pm=hum_low,3,250,0,250,L1_Location=Nuriootpa|L2_RainToday=rain_today_no,True,L1_Location=Nuriootpa,0
L1_Location=Nuriootpa|L2_RainToday=rain_today_no|L3_Humidity3pm=hum_mid,3,200,0,200,L1_Location=Nuriootpa|L2_RainToday=rain_today_no,True,L1_Location=Nuriootpa,0
L1_Location=Nuriootpa|L2_RainToday=rain_today_no|L3_Humidity3pm=others,3,41,0,41,L1_Location=Nuriootpa|L2_RainToday=rain_today_no,True,L1_Location=Nuriootpa,0
L1_Location=Nuriootpa|L2_RainToday=rain_today_yes,2,149,0,149,L1_Location=Nuriootpa,True,L1_Location=Nuriootpa,0
L1_Location=PearceRAAF|L2_RainToday=others,2,25,0,25,L1_Location=PearceRAAF,True,ROOT,0
L1_Location=PearceRAAF|L2_RainToday=rain_today_no|L3_Humidity3pm=hum_low,3,280,0,280,L1_Location=PearceRAAF|L2_RainToday=rain_today_no,True,L1_Location=PearceRAAF|L2_RainToday=rain_today_no,0
L1_Location=PearceRAAF|L2_RainToday=rain_today_no,2,0,443,0,L1_Location=PearceRAAF,False,L1_Location=PearceRAAF|L2_RainToday=rain_today_no,443
L1_Location=PearceRAAF|L2_RainToday=rain_today_no|L3_Humidity3pm=hum_mid,3,141,0,141,L1_Location=PearceRAAF|L2_RainToday=rain_today_no,True,L1_Location=PearceRAAF|L2_RainToday=rain_today_no,0
L1_Location=PearceRAAF|L2_RainToday=rain_today_no|L3_Humidity3pm=others,3,22,0,22,L1_Location=PearceRAAF|L2_RainToday=rain_today_no,True,L1_Location=PearceRAAF|L2_RainToday=rain_today_no,0
L1_Location=PearceRAAF|L2_RainToday=rain_today_yes,2,100,100,0,L1_Location=PearceRAAF,False,L1_Location=PearceRAAF|L2_RainToday=rain_today_yes,0
L1_Location=Penrith|L2_RainToday=others,2,16,0,16,L1_Location=Penrith,True,ROOT,0
L1_Location=Penrith|L2_RainToday=rain_today_no|L3_Humidity3pm=hum_low,3,210,0,210,L1_Location=Penrith|L2_RainToday=rain_today_no,True,ROOT,0
L1_Location=Penrith|L2_RainToday=rain_today_no|L3_Humidity3pm=hum_mid,3,235,0,235,L1_Location=Penrith|L2_RainToday=rain_today_no,True,ROOT,0
L1_Location=Penrith|L2_RainToday=rain_today_no|L3_Humidity3pm=others,3,42,0,42,L1_Location=Penrith|L2_RainToday=rain_today_no,True,ROOT,0
L1_Location=Penrith|L2_RainToday=rain_today_yes,2,116,0,116,L1_Location=Penrith,True,ROOT,0
L1_Location=PerthAirport|L2_RainToday=rain_today_no|L3_Humidity3pm=hum_low,3,270,0,270,L1_Location=PerthAirport|L2_RainToday=rain_today_no,True,L1_Location=PerthAirport,0
L1_Location=PerthAirport,1,0,477,0,ROOT,False,L1_Location=PerthAirport,477
L1_Location=PerthAirport|L2_RainToday=rain_today_no|L3_Humidity3pm=hum_mid,3,190,0,190,L1_Location=PerthAirport|L2_RainToday=rain_today_no,True,L1_Location=PerthAirport,0
L1_Location=PerthAirport|L2_RainToday=rain_today_no|L3_Humidity3pm=others,3,17,0,17,L1_Location=PerthAirport|L2_RainToday=rain_today_no,True,L1_Location=PerthAirport,0
L1_Location=PerthAirport|L2_RainToday=rain_today_yes|L3_Humidity3pm=hum_mid,3,89,0,89,L1_Location=PerthAirport|L2_RainToday=rain_today_yes,True,L1_Location=PerthAirport|L2_RainToday=rain_today_yes,0
L1_Location=PerthAirport|L2_RainToday=rain_today_yes,2,0,119,0,L1_Location=PerthAirport,False,L1_Location=PerthAirport|L2_RainToday=rain_today_yes,119
L1_Location=PerthAirport|L2_RainToday=rain_today_yes|L3_Humidity3pm=others,3,30,0,30,L1_Location=PerthAirport|L2_RainToday=rain_today_yes,True,L1_Location=PerthAirport|L2_RainToday=rain_today_yes,0
L1_Location=Perth|L2_RainToday=rain_today_no|L3_Humidity3pm=hum_low,3,210,0,210,L1_Location=Perth|L2_RainToday=rain_today_no,True,L1_Location=Perth|L2_RainToday=rain_today_no,0
L1_Location=Perth|L2_RainToday=rain_today_no,2,0,522,0,L1_Location=Perth,False,L1_Location=Perth|L2_RainToday=rain_today_no,522
L1_Location=Perth|L2_RainToday=rain_today_no|L3_Humidity3pm=hum_mid,3,293,0,293,L1_Location=Perth|L2_RainToday=rain_today_no,True,L1_Location=Perth|L2_RainToday=rain_today_no,0
L1_Location=Perth|L2_RainToday=rain_today_no|L3_Humidity3pm=others,3,19,0,19,L1_Location=Perth|L2_RainToday=rain_today_no,True,L1_Location=Perth|L2_RainToday=rain_today_no,0
L1_Location=Perth|L2_RainToday=rain_today_yes|L3_Humidity3pm=hum_mid,3,101,0,101,L1_Location=Perth|L2_RainToday=rain_today_yes,True,L1_Location=Perth,0
L1_Location=Perth,1,0,123,0,ROOT,False,L1_Location=Perth,123
L1_Location=Perth|L2_RainToday=rain_today_yes|L3_Humidity3pm=others,3,22,0,22,L1_Location=Perth|L2_RainToday=rain_today_yes,True,L1_Location=Perth,0
L1_Location=Portland|L2_RainToday=others,2,2,0,2,L1_Location=Portland,True,L1_Location=Portland,0
L1_Location=Portland,1,0,266,0,ROOT,False,L1_Location=Portland,266
L1_Location=Portland|L2_RainToday=rain_today_no|L3_Humidity3pm=hum_high,3,84,84,0,L1_Location=Portland|L2_RainToday=rain_today_no,False,L1_Location=Portland|L2_RainToday=rain_today_no|L3_Humidity3pm=hum_high,0
L1_Location=Portland|L2_RainToday=rain_today_no|L3_Humidity3pm=hum_mid,3,230,0,230,L1_Location=Portland|L2_RainToday=rain_today_no,True,L1_Location=Portland,0
L1_Location=Portland|L2_RainToday=rain_today_no|L3_Humidity3pm=others,3,34,0,34,L1_Location=Portland|L2_RainToday=rain_today_no,True,L1_Location=Portland,0
L1_Location=Portland|L2_RainToday=rain_today_yes|L3_Humidity3pm=hum_high,3,108,108,0,L1_Location=Portland|L2_RainToday=rain_today_yes,False,L1_Location=Portland|L2_RainToday=rain_today_yes|L3_Humidity3pm=hum_high,0
L1_Location=Portland|L2_RainToday=rain_today_yes|L3_Humidity3pm=hum_mid,3,95,0,95,L1_Location=Portland|L2_RainToday=rain_today_yes,True,L1_Location=Portland|L2_RainToday=rain_today_yes,0
L1_Location=Portland|L2_RainToday=rain_today_yes,2,0,98,0,L1_Location=Portland,False,L1_Location=Portland|L2_RainToday=rain_today_yes,98
L1_Location=Portland|L2_RainToday=rain_today_yes|L3_Humidity3pm=others,3,3,0,3,L1_Location=Portland|L2_RainToday=rain_today_yes,True,L1_Location=Portland|L2_RainToday=rain_today_yes,0
L1_Location=Richmond|L2_RainToday=others,2,10,0,10,L1_Location=Richmond,True,L1_Location=Richmond,0
L1_Location=Richmond,1,0,387,0,ROOT,False,L1_Location=Richmond,387
L1_Location=Richmond|L2_RainToday=rain_today_no|L3_Humidity3pm=hum_low,3,210,210,0,L1_Location=Richmond|L2_RainToday=rain_today_no,False,L1_Location=Richmond|L2_RainToday=rain_today_no|L3_Humidity3pm=hum_low,0
L1_Location=Richmond|L2_RainToday=rain_today_no|L3_Humidity3pm=hum_mid,3,229,0,229,L1_Location=Richmond|L2_RainToday=rain_today_no,True,L1_Location=Richmond,0
L1_Location=Richmond|L2_RainToday=rain_today_no|L3_Humidity3pm=others,3,48,0,48,L1_Location=Richmond|L2_RainToday=rain_today_no,True,L1_Location=Richmond,0
L1_Location=Richmond|L2_RainToday=rain_today_yes,2,100,0,100,L1_Location=Richmond,True,L1_Location=Richmond,0
L1_Location=Sale|L2_RainToday=others,2,2,0,2,L1_Location=Sale,True,ROOT,0
L1_Location=Sale|L2_RainToday=rain_today_no|L3_Humidity3pm=hum_low,3,67,0,67,L1_Location=Sale|L2_RainToday=rain_today_no,True,ROOT,0
L1_Location=Sale|L2_RainToday=rain_today_no|L3_Humidity3pm=hum_mid,3,314,314,0,L1_Location=Sale|L2_RainToday=rain_today_no,False,L1_Location=Sale|L2_RainToday=rain_today_no|L3_Humidity3pm=hum_mid,0
L1_Location=Sale|L2_RainToday=rain_today_no|L3_Humidity3pm=others,3,73,0,73,L1_Location=Sale|L2_RainToday=rain_today_no,True,ROOT,0
L1_Location=Sale|L2_RainToday=rain_today_yes|L3_Humidity3pm=hum_mid,3,79,0,79,L1_Location=Sale|L2_RainToday=rain_today_yes,True,L1_Location=Sale|L2_RainToday=rain_today_yes,0
L1_Location=Sale|L2_RainToday=rain_today_yes,2,0,120,0,L1_Location=Sale,False,L1_Location=Sale|L2_RainToday=rain_today_yes,120
L1_Location=Sale|L2_RainToday=rain_today_yes|L3_Humidity3pm=others,3,41,0,41,L1_Location=Sale|L2_RainToday=rain_today_yes,True,L1_Location=Sale|L2_RainToday=rain_today_yes,0
L1_Location=SalmonGums|L2_RainToday=others,2,6,0,6,L1_Location=SalmonGums,True,ROOT,0
L1_Location=SalmonGums|L2_RainToday=rain_today_no|L3_Humidity3pm=hum_low,3,312,0,312,L1_Location=SalmonGums|L2_RainToday=rain_today_no,True,ROOT,0
L1_Location=SalmonGums|L2_RainToday=rain_today_no|L3_Humidity3pm=hum_mid,3,165,0,165,L1_Location=SalmonGums|L2_RainToday=rain_today_no,True,ROOT,0
L1_Location=SalmonGums|L2_RainToday=rain_today_no|L3_Humidity3pm=others,3,27,0,27,L1_Location=SalmonGums|L2_RainToday=rain_today_no,True,ROOT,0
L1_Location=SalmonGums|L2_RainToday=rain_today_yes,2,98,98,0,L1_Location=SalmonGums,False,L1_Location=SalmonGums|L2_RainToday=rain_today_yes,0
L1_Location=SydneyAirport|L2_RainToday=rain_today_no|L3_Humidity3pm=hum_low,3,134,0,134,L1_Location=SydneyAirport|L2_RainToday=rain_today_no,True,L1_Location=SydneyAirport|L2_RainToday=rain_today_no,0
L1_Location=SydneyAirport|L2_RainToday=rain_today_no,2,0,441,0,L1_Location=SydneyAirport,False,L1_Location=SydneyAirport|L2_RainToday=rain_today_no,441
L1_Location=SydneyAirport|L2_RainToday=rain_today_no|L3_Humidity3pm=hum_mid,3,259,0,259,L1_Location=SydneyAirport|L2_RainToday=rain_today_no,True,L1_Location=SydneyAirport|L2_RainToday=rain_today_no,0
L1_Location=SydneyAirport|L2_RainToday=rain_today_no|L3_Humidity3pm=others,3,48,0,48,L1_Location=SydneyAirport|L2_RainToday=rain_today_no,True,L1_Location=SydneyAirport|L2_RainToday=rain_today_no,0
L1_Location=SydneyAirport|L2_RainToday=rain_today_yes|L3_Humidity3pm=hum_mid,3,67,0,67,L1_Location=SydneyAirport|L2_RainToday=rain_today_yes,True,L1_Location=SydneyAirport|L2_RainToday=rain_today_yes,0
L1_Location=SydneyAirport|L2_RainToday=rain_today_yes,2,0,155,0,L1_Location=SydneyAirport,False,L1_Location=SydneyAirport|L2_RainToday=rain_today_yes,155
L1_Location=SydneyAirport|L2_RainToday=rain_today_yes|L3_Humidity3pm=others,3,88,0,88,L1_Location=SydneyAirport|L2_RainToday=rain_today_yes,True,L1_Location=SydneyAirport|L2_RainToday=rain_today_yes,0
L1_Location=Sydney|L2_RainToday=rain_today_no|L3_Humidity3pm=hum_low,3,122,0,122,L1_Location=Sydney|L2_RainToday=rain_today_no,True,L1_Location=Sydney|L2_RainToday=rain_today_no,0
L1_Location=Sydney|L2_RainToday=rain_today_no,2,0,513,0,L1_Location=Sydney,False,L1_Location=Sydney|L2_RainToday=rain_today_no,513
L1_Location=Sydney|L2_RainToday=rain_today_no|L3_Humidity3pm=hum_mid,3,346,0,346,L1_Location=Sydney|L2_RainToday=rain_today_no,True,L1_Location=Sydney|L2_RainToday=rain_today_no,0
L1_Location=Sydney|L2_RainToday=rain_today_no|L3_Humidity3pm=others,3,45,0,45,L1_Location=Sydney|L2_RainToday=rain_today_no,True,L1_Location=Sydney|L2_RainToday=rain_today_no,0
L1_Location=Sydney|L2_RainToday=rain_today_yes|L3_Humidity3pm=hum_mid,3,99,0,99,L1_Location=Sydney|L2_RainToday=rain_today_yes,True,L1_Location=Sydney|L2_RainToday=rain_today_yes,0
L1_Location=Sydney|L2_RainToday=rain_today_yes,2,0,167,0,L1_Location=Sydney,False,L1_Location=Sydney|L2_RainToday=rain_today_yes,167
L1_Location=Sydney|L2_RainToday=rain_today_yes|L3_Humidity3pm=others,3,68,0,68,L1_Location=Sydney|L2_RainToday=rain_today_yes,True,L1_Location=Sydney|L2_RainToday=rain_today_yes,0
L1_Location=Townsville|L2_RainToday=others,2,1,0,1,L1_Location=Townsville,True,L1_Location=Townsville,0
L1_Location=Townsville,1,0,119,0,ROOT,False,L1_Location=Townsville,119
L1_Location=Townsville|L2_RainToday=rain_today_no|L3_Humidity3pm=hum_mid,3,433,0,433,L1_Location=Townsville|L2_RainToday=rain_today_no,True,L1_Location=Townsville|L2_RainToday=rain_today_no,0
L1_Location=Townsville|L2_RainToday=rain_today_no,2,0,524,0,L1_Location=Townsville,False,L1_Location=Townsville|L2_RainToday=rain_today_no,524
L1_Location=Townsville|L2_RainToday=rain_today_no|L3_Humidity3pm=others,3,91,0,91,L1_Location=Townsville|L2_RainToday=rain_today_no,True,L1_Location=Townsville|L2_RainToday=rain_today_no,0
L1_Location=Townsville|L2_RainToday=rain_today_yes,2,118,0,118,L1_Location=Townsville,True,L1_Location=Townsville,0
L1_Location=Tuggeranong|L2_RainToday=others,2,6,0,6,L1_Location=Tuggeranong,True,L1_Location=Tuggeranong,0
L1_Location=Tuggeranong,1,0,484,0,ROOT,False,L1_Location=Tuggeranong,484
L1_Location=Tuggeranong|L2_RainToday=rain_today_no|L3_Humidity3pm=hum_low,3,210,0,210,L1_Location=Tuggeranong|L2_RainToday=rain_today_no,True,L1_Location=Tuggeranong,0
L1_Location=Tuggeranong|L2_RainToday=rain_today_no|L3_Humidity3pm=hum_mid,3,237,0,237,L1_Location=Tuggeranong|L2_RainToday=rain_today_no,True,L1_Location=Tuggeranong,0
L1_Location=Tuggeranong|L2_RainToday=rain_today_no|L3_Humidity3pm=others,3,31,0,31,L1_Location=Tuggeranong|L2_RainToday=rain_today_no,True,L1_Location=Tuggeranong,0
L1_Location=Tuggeranong|L2_RainToday=rain_today_yes,2,113,113,0,L1_Location=Tuggeranong,False,L1_Location=Tuggeranong|L2_RainToday=rain_today_yes,0
L1_Location=WaggaWagga|L2_RainToday=others,2,3,0,3,L1_Location=WaggaWagga,True,ROOT,0
L1_Location=WaggaWagga|L2_RainToday=rain_today_no|L3_Humidity3pm=hum_low,3,268,0,268,L1_Location=WaggaWagga|L2_RainToday=rain_today_no,True,L1_Location=WaggaWagga|L2_RainToday=rain_today_no,0
L1_Location=WaggaWagga|L2_RainToday=rain_today_no,2,0,485,0,L1_Location=WaggaWagga,False,L1_Location=WaggaWagga|L2_RainToday=rain_today_no,485
L1_Location=WaggaWagga|L2_RainToday=rain_today_no|L3_Humidity3pm=hum_mid,3,194,0,194,L1_Location=WaggaWagga|L2_RainToday=rain_today_no,True,L1_Location=WaggaWagga|L2_RainToday=rain_today_no,0
L1_Location=WaggaWagga|L2_RainToday=rain_today_no|L3_Humidity3pm=others,3,23,0,23,L1_Location=WaggaWagga|L2_RainToday=rain_today_no,True,L1_Location=WaggaWagga|L2_RainToday=rain_today_no,0
L1_Location=WaggaWagga|L2_RainToday=rain_today_yes,2,97,97,0,L1_Location=WaggaWagga,False,L1_Location=WaggaWagga|L2_RainToday=rain_today_yes,0
L1_Location=Walpole|L2_RainToday=others,2,14,0,14,L1_Location=Walpole,True,ROOT,0
L1_Location=Walpole|L2_RainToday=rain_today_no|L3_Humidity3pm=hum_high,3,83,83,0,L1_Location=Walpole|L2_RainToday=rain_today_no,False,L1_Location=Walpole|L2_RainToday=rain_today_no|L3_Humidity3pm=hum_high,0
L1_Location=Walpole|L2_RainToday=rain_today_no|L3_Humidity3pm=hum_mid,3,284,0,284,L1_Location=Walpole|L2_RainToday=rain_today_no,True,ROOT,0
L1_Location=Walpole|L2_RainToday=rain_today_no|L3_Humidity3pm=others,3,14,0,14,L1_Location=Walpole|L2_RainToday=rain_today_no,True,ROOT,0
L1_Location=Walpole|L2_RainToday=rain_today_yes|L3_Humidity3pm=hum_high,3,74,74,0,L1_Location=Walpole|L2_RainToday=rain_today_yes,False,L1_Location=Walpole|L2_RainToday=rain_today_yes|L3_Humidity3pm=hum_high,0
L1_Location=Walpole|L2_RainToday=rain_today_yes|L3_Humidity3pm=hum_mid,3,104,0,104,L1_Location=Walpole|L2_RainToday=rain_today_yes,True,L1_Location=Walpole|L2_RainToday=rain_today_yes,0
L1_Location=Walpole|L2_RainToday=rain_today_yes,2,0,111,0,L1_Location=Walpole,False,L1_Location=Walpole|L2_RainToday=rain_today_yes,111
L1_Location=Walpole|L2_RainToday=rain_today_yes|L3_Humidity3pm=others,3,7,0,7,L1_Location=Walpole|L2_RainToday=rain_today_yes,True,L1_Location=Walpole|L2_RainToday=rain_today_yes,0
L1_Location=Watsonia|L2_RainToday=others,2,3,0,3,L1_Location=Watsonia,True,L1_Location=Watsonia,0
L1_Location=Watsonia,1,0,154,0,ROOT,False,L1_Location=Watsonia,154
L1_Location=Watsonia|L2_RainToday=rain_today_no|L3_Humidity3pm=hum_low,3,114,0,114,L1_Location=Watsonia|L2_RainToday=rain_today_no,True,L1_Location=Watsonia|L2_RainToday=rain_today_no,0
L1_Location=Watsonia|L2_RainToday=rain_today_no,2,0,438,0,L1_Location=Watsonia,False,L1_Location=Watsonia|L2_RainToday=rain_today_no,438
L1_Location=Watsonia|L2_RainToday=rain_today_no|L3_Humidity3pm=hum_mid,3,253,0,253,L1_Location=Watsonia|L2_RainToday=rain_today_no,True,L1_Location=Watsonia|L2_RainToday=rain_today_no,0
L1_Location=Watsonia|L2_RainToday=rain_today_no|L3_Humidity3pm=others,3,71,0,71,L1_Location=Watsonia|L2_RainToday=rain_today_no,True,L1_Location=Watsonia|L2_RainToday=rain_today_no,0
L1_Location=Watsonia|L2_RainToday=rain_today_yes|L3_Humidity3pm=hum_mid,3,87,0,87,L1_Location=Watsonia|L2_RainToday=rain_today_yes,True,L1_Location=Watsonia,0
L1_Location=Watsonia|L2_RainToday=rain_today_yes|L3_Humidity3pm=others,3,64,0,64,L1_Location=Watsonia|L2_RainToday=rain_today_yes,True,L1_Location=Watsonia,0
L1_Location=Witchcliffe|L2_RainToday=others,2,9,0,9,L1_Location=Witchcliffe,True,L1_Location=Witchcliffe,0
L1_Location=Witchcliffe,1,0,9,0,ROOT,False,L1_Location=Witchcliffe,9
L1_Location=Witchcliffe|L2_RainToday=rain_today_no|L3_Humidity3pm=hum_mid,3,324,0,324,L1_Location=Witchcliffe|L2_RainToday=rain_today_no,True,L1_Location=Witchcliffe|L2_RainToday=rain_today_no,0
L1_Location=Witchcliffe|L2_RainToday=rain_today_no,2,0,449,0,L1_Location=Witchcliffe,False,L1_Location=Witchcliffe|L2_RainToday=rain_today_no,449
L1_Location=Witchcliffe|L2_RainToday=rain_today_no|L3_Humidity3pm=others,3,125,0,125,L1_Location=Witchcliffe|L2_RainToday=rain_today_no,True,L1_Location=Witchcliffe|L2_RainToday=rain_today_no,0
L1_Location=Witchcliffe|L2_RainToday=rain_today_yes|L3_Humidity3pm=hum_mid,3,96,0,96,L1_Location=Witchcliffe|L2_RainToday=rain_today_yes,True,L1_Location=Witchcliffe|L2_RainToday=rain_today_yes,0
L1_Location=Witchcliffe|L2_RainToday=rain_today_yes,2,0,171,0,L1_Location=Witchcliffe,False,L1_Location=Witchcliffe|L2_RainToday=rain_today_yes,171
L1_Location=Witchcliffe|L2_RainToday=rain_today_yes|L3_Humidity3pm=others,3,75,0,75,L1_Location=Witchcliffe|L2_RainToday=rain_today_yes,True,L1_Location=Witchcliffe|L2_RainToday=rain_today_yes,0
L1_Location=Wollongong|L2_RainToday=others,2,6,0,6,L1_Location=Wollongong,True,ROOT,0
L1_Location=Wollongong|L2_RainToday=rain_today_no|L3_Humidity3pm=hum_high,3,167,0,167,L1_Location=Wollongong|L2_RainToday=rain_today_no,True,ROOT,0
L1_Location=Wollongong|L2_RainToday=rain_today_no|L3_Humidity3pm=hum_mid,3,208,0,208,L1_Location=Wollongong|L2_RainToday=rain_today_no,True,ROOT,0
L1_Location=Wollongong|L2_RainToday=rain_today_no|L3_Humidity3pm=others,3,47,0,47,L1_Location=Wollongong|L2_RainToday=rain_today_no,True,ROOT,0
L1_Location=Wollongong|L2_RainToday=rain_today_yes|L3_Humidity3pm=hum_high,3,87,0,87,L1_Location=Wollongong|L2_RainToday=rain_today_yes,True,ROOT,0
L1_Location=Wollongong|L2_RainToday=rain_today_yes|L3_Humidity3pm=others,3,67,0,67,L1_Location=Wollongong|L2_RainToday=rain_today_yes,True,ROOT,0
L1_Location=Woomera|L2_RainToday=others,2,34,0,34,L1_Location=Woomera,True,ROOT,0
L1_Location=Woomera|L2_RainToday=rain_today_no|L3_Humidity3pm=hum_low,3,478,0,478,L1_Location=Woomera|L2_RainToday=rain_today_no,True,ROOT,0
L1_Location=Woomera|L2_RainToday=rain_today_no|L3_Humidity3pm=hum_mid,3,96,0,96,L1_Location=Woomera|L2_RainToday=rain_today_no,True,ROOT,0
L1_Location=Woomera|L2_RainToday=rain_today_no|L3_Humidity3pm=others,3,14,0,14,L1_Location=Woomera|L2_RainToday=rain_today_no,True,ROOT,0
